product_id,name,brand,category,price,original_price,image_url,quantity,status,description,rating,reviews_count,sizes,color,gender,created_at,updated_at
SP2000,"Nike P-6000 SE ""LNY""Men's Shoes",Nike,Sneakers,3250000.0,,"https://static.nike.com/a/images/t_web_pw_592_v2/f_auto/u_9ddf04c7-2a9a-4d76-add1-d15af8f0263d,c_scale,fl_relative,w_1.0,h_1.0,fl_layer_apply/1cab6258-492f-42ea-a4da-4b7e1132762a/NIKE+P-6000.png",20,AVAILABLE,"Designed for lightweight cushioning and everyday lifestyle wear, it provides a retro look while ensuring modern durability and flexibility.",4.8,5,"US 7, US 8, US 8.5, US 9, US 9.5, US 10, US 10.5, US 11, US 12",Multi-Color,Men,2026-05-24 23:19:22,2026-05-24 23:19:22
SP2001,Nike Sportswear ClubMen's Oversized Striped Polo,Nike,Sneakers,1820000.0,2260000.0,https://static.nike.com/a/images/t_web_pw_592_v2/f_auto/1ee3bba4-d990-4e36-8920-4ffaed40af52/M+NK+CLUB+OS+STRIPE+POLO.png,115,AVAILABLE,"Featuring premium materials and signature Nike design details, this sneaker delivers excellent impact protection and unmatched comfort.",4.4,123,"US 7, US 8, US 8.5, US 9, US 9.5, US 10, US 10.5, US 11, US 12",Blue/White,Men,2026-05-24 23:19:22,2026-05-24 23:19:22
SP2002,Nike Solo SwooshMen's Fleece Open-Hem Pants,Nike,Clothing,3250000.0,3770000.0,https://static.nike.com/a/images/t_web_pw_592_v2/f_auto/23c0ee33-76ac-47b1-95b8-b8bfb7ae06ad/M+NL+SOLO+SWSH+BB+OH+PANT+GFX.png,92,AVAILABLE,"A historic Nike silhouette reimagined with a modern aesthetic, it showcases classic color-blocking that elevates any casual outfit.",4.2,102,"US 7, US 8, US 8.5, US 9, US 9.5, US 10, US 10.5, US 11, US 12",Red/White,Men,2026-05-24 23:19:22,2026-05-24 23:19:22
SP2003,Nike AirMen's Windrunner Track Jacket,Nike,Clothing,2990000.0,,https://static.nike.com/a/images/t_web_pw_592_v2/f_auto/582715ad-ea3b-4b68-9319-73aed45b1aca/M+NK+AIR+WR+TRK+JKT.png,58,AVAILABLE,"A historic Nike silhouette reimagined with a modern aesthetic, it showcases classic color-blocking that elevates any casual outfit.",4.8,112,"US 7, US 8, US 8.5, US 9, US 9.5, US 10, US 10.5, US 11, US 12",Volt/Black,Men,2026-05-24 23:19:22,2026-05-24 23:19:22
SP2004,Nike AirMen's Track Pants,Nike,Clothing,2730000.0,,https://static.nike.com/a/images/t_web_pw_592_v2/f_auto/c06468b1-cf02-49a4-8b5a-c8971c84e2cc/M+NK+AIR+PK+TRK+PANT.png,56,AVAILABLE,"Crafted with durable uppers and specialized traction, this Nike release blends legendary sportswear history with contemporary performance.",4.3,116,"US 7, US 8, US 8.5, US 9, US 9.5, US 10, US 10.5, US 11, US 12",Volt/Black,Men,2026-05-24 23:19:22,2026-05-24 23:19:22
SP2005,Nike Air Max Moto 2KMen's Shoes,Nike,Sneakers,3770000.0,,"https://static.nike.com/a/images/t_web_pw_592_v2/f_auto/u_9ddf04c7-2a9a-4d76-add1-d15af8f0263d,c_scale,fl_relative,w_1.0,h_1.0,fl_layer_apply/42ac5536-bd07-4e4c-8e8d-5dda5ece7e08/AIR+MAX+MOTO+2K.png",55,AVAILABLE,"A historic Nike silhouette reimagined with a modern aesthetic, it showcases classic color-blocking that elevates any casual outfit.",4.3,14,"US 7, US 8, US 8.5, US 9, US 9.5, US 10, US 10.5, US 11, US 12",Grey Castlerock,Men,2026-05-24 23:19:22,2026-05-24 23:19:22
SP2006,Nike Ava RoverShoes with Reflective Accents,Nike,Sneakers,3770000.0,,"https://static.nike.com/a/images/t_web_pw_592_v2/f_auto/u_9ddf04c7-2a9a-4d76-add1-d15af8f0263d,c_scale,fl_relative,w_1.0,h_1.0,fl_layer_apply/4f2b1be4-5540-4dc9-8a32-5eb57d29f675/NIKE+AVA+ROVER.png",44,AVAILABLE,"Featuring premium materials and signature Nike design details, this sneaker delivers excellent impact protection and unmatched comfort.",4.6,111,"US 7, US 8, US 8.5, US 9, US 9.5, US 10, US 10.5, US 11, US 12",Black/White,Men,2026-05-24 23:19:22,2026-05-24 23:19:22
SP2007,Nike Culture of FootballMen's Dri-FIT Long-Sleeve Soccer Jersey,Nike,Sneakers,2470000.0,,https://static.nike.com/a/images/t_web_pw_592_v2/f_auto/573c17d3-e7a0-47e8-9929-cafe17ae970e/M+NK+DF+COF+JSY+LS+FR+SP26.png,111,AVAILABLE,"Engineered with a responsive midsole system and secure support, this Nike sneaker is a great choice for enthusiasts.",4.6,95,"US 7, US 8, US 8.5, US 9, US 9.5, US 10, US 10.5, US 11, US 12",Triple White,Men,2026-05-24 23:19:22,2026-05-24 23:19:22
SP2008,Nike TechMen's Dri-FIT Woven Pants,Nike,Clothing,3250000.0,3790000.0,https://static.nike.com/a/images/t_web_pw_592_v2/f_auto/2bdffe62-1baa-4cc5-8472-cadecbba19a4/M+NK+DF+TCH+WVN+PANT.png,104,AVAILABLE,"Crafted with durable uppers and specialized traction, this Nike release blends legendary sportswear history with contemporary performance.",4.4,5,"US 7, US 8, US 8.5, US 9, US 9.5, US 10, US 10.5, US 11, US 12",Sail/Navy,Men,2026-05-24 23:19:22,2026-05-24 23:19:22
SP2009,Nike SportswearMen's Woven Jacket,Nike,Clothing,3250000.0,,https://static.nike.com/a/images/t_web_pw_592_v2/f_auto/9bc138ef-0512-4ba9-a309-bddc3c289254/M+NSW+AIR+MAX+95+WVN+JKT.png,44,AVAILABLE,"A historic Nike silhouette reimagined with a modern aesthetic, it showcases classic color-blocking that elevates any casual outfit.",4.5,78,"US 7, US 8, US 8.5, US 9, US 9.5, US 10, US 10.5, US 11, US 12",Triple Black,Men,2026-05-24 23:19:22,2026-05-24 23:19:22
SP2010,Nike SportswearMen's Woven Pants,Nike,Clothing,2990000.0,3540000.0,https://static.nike.com/a/images/t_web_pw_592_v2/f_auto/a923fdb1-f2d9-47b0-b18f-a18eea569712/M+NSW+AIR+MAX+95+WVN+PANT.png,101,AVAILABLE,"Designed for lightweight cushioning and everyday lifestyle wear, it provides a retro look while ensuring modern durability and flexibility.",4.8,93,"US 7, US 8, US 8.5, US 9, US 9.5, US 10, US 10.5, US 11, US 12",Red/White,Men,2026-05-24 23:19:22,2026-05-24 23:19:22
SP2011,Nike Sportswear ClubMen's Jersey,Nike,Sneakers,2340000.0,2980000.0,https://static.nike.com/a/images/t_web_pw_592_v2/f_auto/0332e8a8-b077-4358-898c-20d98e0a06aa/M+NK+CLUB+BSBL+JSY+AMSPT.png,88,AVAILABLE,"A historic Nike silhouette reimagined with a modern aesthetic, it showcases classic color-blocking that elevates any casual outfit.",4.8,136,"US 7, US 8, US 8.5, US 9, US 9.5, US 10, US 10.5, US 11, US 12",Red/White,Men,2026-05-24 23:19:22,2026-05-24 23:19:22
SP2012,Nike Sportswear ClubMen's Washed Cuffed Fleece Pants,Nike,Clothing,1950000.0,,"https://static.nike.com/a/images/t_web_pw_592_v2/f_auto/u_9ddf04c7-2a9a-4d76-add1-d15af8f0263d,c_scale,fl_relative,w_1.0,h_1.0,fl_layer_apply/c16589cb-02ca-41b3-94ee-177bdd9f8fc7/M+NK+CLUB+BB+CUFF+PANT+CWASH.png",117,AVAILABLE,"Engineered with a responsive midsole system and secure support, this Nike sneaker is a great choice for enthusiasts.",4.7,143,"US 7, US 8, US 8.5, US 9, US 9.5, US 10, US 10.5, US 11, US 12",Volt/Black,Men,2026-05-24 23:19:22,2026-05-24 23:19:22
SP2013,Nike Sportswear Premium EssentialsMen's Long-Sleeve T-Shirt,Nike,Clothing,1430000.0,1640000.0,https://static.nike.com/a/images/t_web_pw_592_v2/f_auto/f62027fc-1ea4-4dc6-8a54-afc6ca600cf4/M+NSW+TEE+LSE+LS+PREM+ESS+SUST.png,44,AVAILABLE,"Featuring premium materials and signature Nike design details, this sneaker delivers excellent impact protection and unmatched comfort.",4.5,92,"US 7, US 8, US 8.5, US 9, US 9.5, US 10, US 10.5, US 11, US 12",White/Black,Men,2026-05-24 23:19:22,2026-05-24 23:19:22
SP2014,Nike Solo SwooshMen's Cuffed Fleece Pants,Nike,Clothing,2210000.0,2720000.0,https://static.nike.com/a/images/t_web_pw_592_v2/f_auto/62c8ea0f-e6b8-4ce1-bf07-cea7f46ff321/M+NL+SOLO+SWSH+BB+CF+PANT.png,76,AVAILABLE,"Engineered with a responsive midsole system and secure support, this Nike sneaker is a great choice for enthusiasts.",4.6,150,"US 7, US 8, US 8.5, US 9, US 9.5, US 10, US 10.5, US 11, US 12",White/Black,Men,2026-05-24 23:19:22,2026-05-24 23:19:22
SP2015,Nike Air Max Dn8 LeatherMen's Shoes,Nike,Sneakers,5460000.0,6700000.0,"https://static.nike.com/a/images/t_web_pw_592_v2/f_auto/u_9ddf04c7-2a9a-4d76-add1-d15af8f0263d,c_scale,fl_relative,w_1.0,h_1.0,fl_layer_apply/e7047e17-164e-4f38-bd86-c1178c389170/AIR+MAX+DN8+LTHR.png",53,AVAILABLE,"A historic Nike silhouette reimagined with a modern aesthetic, it showcases classic color-blocking that elevates any casual outfit.",4.8,70,"US 7, US 8, US 8.5, US 9, US 9.5, US 10, US 10.5, US 11, US 12",White/Black,Men,2026-05-24 23:19:22,2026-05-24 23:19:22
SP2016,Nike Air Max Dn8Men's Shoes,Nike,Sneakers,5720000.0,,"https://static.nike.com/a/images/t_web_pw_592_v2/f_auto/u_9ddf04c7-2a9a-4d76-add1-d15af8f0263d,c_scale,fl_relative,w_1.0,h_1.0,fl_layer_apply/c87f873c-7fcc-4034-a794-b9a102c23eed/AIR+MAX+DN8+QS.png",15,AVAILABLE,"Crafted with durable uppers and specialized traction, this Nike release blends legendary sportswear history with contemporary performance.",4.4,85,"US 7, US 8, US 8.5, US 9, US 9.5, US 10, US 10.5, US 11, US 12",Cream/Sand,Men,2026-05-24 23:19:22,2026-05-24 23:19:22
SP2017,Nike x Hyperice HyperbootShoes,Nike,Sneakers,20774000.0,,"https://static.nike.com/a/images/t_web_pw_592_v2/f_auto/u_9ddf04c7-2a9a-4d76-add1-d15af8f0263d,c_scale,fl_relative,w_1.0,h_1.0,fl_layer_apply/b58035e4-02b3-4432-bc58-4ab247ede73c/Hyperboot+by+Nike+x+Hyperice.png",20,AVAILABLE,"Crafted with durable uppers and specialized traction, this Nike release blends legendary sportswear history with contemporary performance.",4.3,54,"US 7, US 8, US 8.5, US 9, US 9.5, US 10, US 10.5, US 11, US 12",Grey/White,Unisex,2026-05-24 23:19:22,2026-05-24 23:19:22
SP2018,Nike Air Force 1 '07 WBMen's Shoes,Nike,Sneakers,3250000.0,,"https://static.nike.com/a/images/t_web_pw_592_v2/f_auto/u_9ddf04c7-2a9a-4d76-add1-d15af8f0263d,c_scale,fl_relative,w_1.0,h_1.0,fl_layer_apply/c90f7949-b685-485e-8602-23f1d079cd3a/AIR+FORCE+1+%2707+WB.png",89,AVAILABLE,"Designed for lightweight cushioning and everyday lifestyle wear, it provides a retro look while ensuring modern durability and flexibility.",4.2,21,"US 7, US 8, US 8.5, US 9, US 9.5, US 10, US 10.5, US 11, US 12",Olive/Gum,Men,2026-05-24 23:19:22,2026-05-24 23:19:22
SP2019,Nike SwimFins,Nike,Sneakers,1768000.0,,"https://static.nike.com/a/images/t_web_pw_592_v2/f_auto/u_9ddf04c7-2a9a-4d76-add1-d15af8f0263d,c_scale,fl_relative,w_1.0,h_1.0,fl_layer_apply/478b18df-416f-4053-b786-5ce09f919717/FINS.png",83,AVAILABLE,"Designed for lightweight cushioning and everyday lifestyle wear, it provides a retro look while ensuring modern durability and flexibility.",4.7,65,"US 7, US 8, US 8.5, US 9, US 9.5, US 10, US 10.5, US 11, US 12",Olive/Gum,Women,2026-05-24 23:19:22,2026-05-24 23:19:22
SP2020,"Nike Large Checked Luggage29"" Hardshell (143L)",Nike,Sneakers,9360000.0,10770000.0,"https://static.nike.com/a/images/t_web_pw_592_v2/f_auto/u_9ddf04c7-2a9a-4d76-add1-d15af8f0263d,c_scale,fl_relative,w_1.0,h_1.0,fl_layer_apply/9cbd3372-bd3f-4e72-bcce-ea90fd89175d/NK+29IN+HARDSHELL+LUGGAGE.png",26,AVAILABLE,"Engineered with a responsive midsole system and secure support, this Nike sneaker is a great choice for enthusiasts.",4.3,55,"US 7, US 8, US 8.5, US 9, US 9.5, US 10, US 10.5, US 11, US 12",White/Black,Unisex,2026-05-24 23:19:22,2026-05-24 23:19:22
SP2021,"Air Jordan 4 Retro ""Pearl Pink and Iced Carmine""Women's Shoe",Jordan,Sneakers,5720000.0,,"https://static.nike.com/a/images/t_web_pw_592_v2/f_auto/u_126ab356-44d8-4a06-89b4-fcdcc8df0245,c_scale,fl_relative,w_1.0,h_1.0,fl_layer_apply/d317631a-bb0e-4a04-9e93-eef0133d8f09/WMNS+AIR+JORDAN+4+RETRO+TEX.png",79,AVAILABLE,"Featuring premium materials and signature Jordan design details, this sneaker delivers excellent impact protection and unmatched comfort.",4.4,125,"US 7, US 8, US 8.5, US 9, US 9.5, US 10, US 10.5, US 11, US 12",Triple White,Women,2026-05-24 23:19:22,2026-05-24 23:19:22
SP2022,Nike G.T. FutureBasketball Shoes,Nike,Sneakers,5200000.0,,"https://static.nike.com/a/images/t_web_pw_592_v2/f_auto/u_9ddf04c7-2a9a-4d76-add1-d15af8f0263d,c_scale,fl_relative,w_1.0,h_1.0,fl_layer_apply/01e7dad7-4786-4a36-b38b-c76762475e90/G.T.+FUTURE.png",50,AVAILABLE,"Featuring premium materials and signature Nike design details, this sneaker delivers excellent impact protection and unmatched comfort.",4.6,33,"US 7, US 8, US 8.5, US 9, US 9.5, US 10, US 10.5, US 11, US 12",Olive/Gum,Men,2026-05-24 23:19:22,2026-05-24 23:19:22
SP2023,Nike Air Max BiaMen's Shoes,Nike,Sneakers,2470000.0,,"https://static.nike.com/a/images/t_web_pw_592_v2/f_auto/u_9ddf04c7-2a9a-4d76-add1-d15af8f0263d,c_scale,fl_relative,w_1.0,h_1.0,fl_layer_apply/a14ac455-a0a1-4bf8-a0fc-792815ec6ced/M+AIR+MAX+BIA.png",94,AVAILABLE,"A historic Nike silhouette reimagined with a modern aesthetic, it showcases classic color-blocking that elevates any casual outfit.",4.7,67,"US 7, US 8, US 8.5, US 9, US 9.5, US 10, US 10.5, US 11, US 12",White/Black,Men,2026-05-24 23:19:22,2026-05-24 23:19:22
SP2024,Nike Pegasus 42Women's Road Running Shoes,Nike,Sneakers,3770000.0,,"https://static.nike.com/a/images/t_web_pw_592_v2/f_auto/u_9ddf04c7-2a9a-4d76-add1-d15af8f0263d,c_scale,fl_relative,w_1.0,h_1.0,fl_layer_apply/75aaf435-5259-4533-9768-8a57aa071594/W+NIKE+AIR+ZOOM+PEGASUS+42.png",34,AVAILABLE,"Engineered with a responsive midsole system and secure support, this Nike sneaker is a great choice for enthusiasts.",4.3,9,"US 7, US 8, US 8.5, US 9, US 9.5, US 10, US 10.5, US 11, US 12",Cream/Sand,Women,2026-05-24 23:19:22,2026-05-24 23:19:22
SP2025,Nike Winflo 12Women's Road Running Shoes,Nike,Sneakers,2860000.0,,"https://static.nike.com/a/images/t_web_pw_592_v2/f_auto/u_9ddf04c7-2a9a-4d76-add1-d15af8f0263d,c_scale,fl_relative,w_1.0,h_1.0,fl_layer_apply/0a556cfe-2d60-4d4d-b8c8-a1ed2fcb5350/W+NIKE+AIR+WINFLO+12.png",39,AVAILABLE,"Designed for lightweight cushioning and everyday lifestyle wear, it provides a retro look while ensuring modern durability and flexibility.",4.4,124,"US 7, US 8, US 8.5, US 9, US 9.5, US 10, US 10.5, US 11, US 12",Red/White,Women,2026-05-24 23:19:22,2026-05-24 23:19:22
SP2026,Nike Swift BreatheWomen's Dri-FIT Running Tank Top,Nike,Clothing,1430000.0,,"https://static.nike.com/a/images/t_web_pw_592_v2/f_auto/u_9ddf04c7-2a9a-4d76-add1-d15af8f0263d,c_scale,fl_relative,w_1.0,h_1.0,fl_layer_apply/26683cc9-b909-447f-ad09-b2e42236f0e3/W+NK+SWIFT+NVLT+BRTHE+TANK.png",68,AVAILABLE,"Designed for lightweight cushioning and everyday lifestyle wear, it provides a retro look while ensuring modern durability and flexibility.",4.5,131,"US 7, US 8, US 8.5, US 9, US 9.5, US 10, US 10.5, US 11, US 12",Olive/Gum,Women,2026-05-24 23:19:22,2026-05-24 23:19:22
SP2027,Nike FlowWomen's Dri-FIT 2-in-1 Mesh Running Shorts,Nike,Clothing,1430000.0,,"https://static.nike.com/a/images/t_web_pw_592_v2/f_auto/u_9ddf04c7-2a9a-4d76-add1-d15af8f0263d,c_scale,fl_relative,w_1.0,h_1.0,fl_layer_apply/2ae158b3-7cb3-4d99-a19d-37c15a40371a/W+NK+FLOW+MSH+DF+2N1+SHRT.png",71,AVAILABLE,"Engineered with a responsive midsole system and secure support, this Nike sneaker is a great choice for enthusiasts.",4.3,102,"US 7, US 8, US 8.5, US 9, US 9.5, US 10, US 10.5, US 11, US 12",Navy/White,Women,2026-05-24 23:19:22,2026-05-24 23:19:22
SP2028,Nike P-6000Women's Shoes,Nike,Sneakers,2990000.0,3860000.0,"https://static.nike.com/a/images/t_web_pw_592_v2/f_auto/u_9ddf04c7-2a9a-4d76-add1-d15af8f0263d,c_scale,fl_relative,w_1.0,h_1.0,fl_layer_apply/f971889d-bbfa-43a1-906d-3f71ad83b662/W+NIKE+P-6000.png",91,AVAILABLE,"Engineered with a responsive midsole system and secure support, this Nike sneaker is a great choice for enthusiasts.",4.6,45,"US 7, US 8, US 8.5, US 9, US 9.5, US 10, US 10.5, US 11, US 12",Black/White,Women,2026-05-24 23:19:22,2026-05-24 23:19:22
SP2029,Nike V5 RNRWomen's Shoes,Nike,Sneakers,2470000.0,,"https://static.nike.com/a/images/t_web_pw_592_v2/f_auto/u_9ddf04c7-2a9a-4d76-add1-d15af8f0263d,c_scale,fl_relative,w_1.0,h_1.0,fl_layer_apply/673de569-4ba2-496e-b682-5064a8d23080/W+NIKE+V5+RNR.png",34,AVAILABLE,"Designed for lightweight cushioning and everyday lifestyle wear, it provides a retro look while ensuring modern durability and flexibility.",4.5,9,"US 7, US 8, US 8.5, US 9, US 9.5, US 10, US 10.5, US 11, US 12",Shadow,Women,2026-05-24 23:19:22,2026-05-24 23:19:22
SP2030,Nike Sportswear Phoenix FleeceWomen's Oversized Henley Hoodie,Nike,Clothing,2340000.0,2730000.0,"https://static.nike.com/a/images/t_web_pw_592_v2/f_auto/u_9ddf04c7-2a9a-4d76-add1-d15af8f0263d,c_scale,fl_relative,w_1.0,h_1.0,fl_layer_apply/506f800c-1151-4f8f-ad3a-e98da9190fac/W+NSW+PHNX+FLC+OS+HNLY+DIP+HDY.png",87,AVAILABLE,"Designed for lightweight cushioning and everyday lifestyle wear, it provides a retro look while ensuring modern durability and flexibility.",4.8,136,"US 7, US 8, US 8.5, US 9, US 9.5, US 10, US 10.5, US 11, US 12",Grey/White,Women,2026-05-24 23:19:22,2026-05-24 23:19:22
SP2031,Nike Sportswear Phoenix FleeceWomen's Mid-Rise Shorts,Nike,Clothing,1820000.0,2240000.0,"https://static.nike.com/a/images/t_web_pw_592_v2/f_auto/u_9ddf04c7-2a9a-4d76-add1-d15af8f0263d,c_scale,fl_relative,w_1.0,h_1.0,fl_layer_apply/af0fba6a-42e4-4331-9b09-a492c9e2a617/W+NSW+PHNX+FLC+MR+DIP+SHORT.png",89,AVAILABLE,"Crafted with durable uppers and specialized traction, this Nike release blends legendary sportswear history with contemporary performance.",4.8,51,"US 7, US 8, US 8.5, US 9, US 9.5, US 10, US 10.5, US 11, US 12",White/Black,Women,2026-05-24 23:19:22,2026-05-24 23:19:22
SP2032,Nike Air Force 1 '07 EasyOnWomen's Shoes,Nike,Sneakers,2990000.0,,"https://static.nike.com/a/images/t_web_pw_592_v2/f_auto/u_9ddf04c7-2a9a-4d76-add1-d15af8f0263d,c_scale,fl_relative,w_1.0,h_1.0,fl_layer_apply/f153b4e4-9069-44ae-bf86-f70ae8ecbaa1/W+AIR+FORCE+1+%2707+FLYEASE.png",76,AVAILABLE,"Engineered with a responsive midsole system and secure support, this Nike sneaker is a great choice for enthusiasts.",4.3,127,"US 7, US 8, US 8.5, US 9, US 9.5, US 10, US 10.5, US 11, US 12",Triple White,Women,2026-05-24 23:19:22,2026-05-24 23:19:22
SP2033,Nike Sportswear Tech FleeceWomen's Short-Sleeve Top,Nike,Clothing,2470000.0,,"https://static.nike.com/a/images/t_web_pw_592_v2/f_auto/u_9ddf04c7-2a9a-4d76-add1-d15af8f0263d,c_scale,fl_relative,w_1.0,h_1.0,fl_layer_apply/ce9c898c-ac7a-4748-bde8-8d002898c887/W+NSW+TECH+FLC+SS+TOP.png",69,AVAILABLE,"Designed for lightweight cushioning and everyday lifestyle wear, it provides a retro look while ensuring modern durability and flexibility.",4.3,17,"US 7, US 8, US 8.5, US 9, US 9.5, US 10, US 10.5, US 11, US 12",Sail/Navy,Women,2026-05-24 23:19:22,2026-05-24 23:19:22
SP2034,"Nike Sportswear Phoenix FleeceWomen's High-Waisted 4"" Shorts",Nike,Clothing,1820000.0,2220000.0,"https://static.nike.com/a/images/t_web_pw_592_v2/f_auto/u_9ddf04c7-2a9a-4d76-add1-d15af8f0263d,c_scale,fl_relative,w_1.0,h_1.0,fl_layer_apply/87c95291-ac6d-45d2-bec5-629bf8b9b3ec/W+NK+PHX+FLC+4IN+HR+SHORT+GX1.png",96,AVAILABLE,"Featuring premium materials and signature Nike design details, this sneaker delivers excellent impact protection and unmatched comfort.",4.3,123,"US 7, US 8, US 8.5, US 9, US 9.5, US 10, US 10.5, US 11, US 12",Shadow,Women,2026-05-24 23:19:22,2026-05-24 23:19:22
SP2035,Nike Revolution 8Women's Road Running Shoes (Wide),Nike,Sneakers,1950000.0,,"https://static.nike.com/a/images/t_web_pw_592_v2/f_auto/u_9ddf04c7-2a9a-4d76-add1-d15af8f0263d,c_scale,fl_relative,w_1.0,h_1.0,fl_layer_apply/eaca1f0e-aa24-42df-a6f5-c295a62e6796/W+NIKE+REVOLUTION+8+WIDE.png",52,AVAILABLE,"Crafted with durable uppers and specialized traction, this Nike release blends legendary sportswear history with contemporary performance.",4.7,8,"US 7, US 8, US 8.5, US 9, US 9.5, US 10, US 10.5, US 11, US 12",Multi-Color,Women,2026-05-24 23:19:22,2026-05-24 23:19:22
SP2036,Nike Revolution 8Women's Road Running Shoes,Nike,Sneakers,1950000.0,,"https://static.nike.com/a/images/t_web_pw_592_v2/f_auto/u_9ddf04c7-2a9a-4d76-add1-d15af8f0263d,c_scale,fl_relative,w_1.0,h_1.0,fl_layer_apply/c874c75e-9c10-4183-b434-e0017f59771b/W+NIKE+REVOLUTION+8.png",69,AVAILABLE,"A historic Nike silhouette reimagined with a modern aesthetic, it showcases classic color-blocking that elevates any casual outfit.",4.4,7,"US 7, US 8, US 8.5, US 9, US 9.5, US 10, US 10.5, US 11, US 12",Volt/Black,Women,2026-05-24 23:19:22,2026-05-24 23:19:22
SP2037,Nike SwooshWomen's Medium-Support Padded Sports Bra,Nike,Sneakers,1092000.0,,"https://static.nike.com/a/images/t_web_pw_592_v2/f_auto/u_9ddf04c7-2a9a-4d76-add1-d15af8f0263d,c_scale,fl_relative,w_1.0,h_1.0,fl_layer_apply/0d6f134c-0bdd-4376-8a92-5ba5bcb1c79a/W+NK+SWSH+MED+SPT+BRA.png",37,AVAILABLE,"Designed for lightweight cushioning and everyday lifestyle wear, it provides a retro look while ensuring modern durability and flexibility.",4.4,104,"US 7, US 8, US 8.5, US 9, US 9.5, US 10, US 10.5, US 11, US 12",Bred,Women,2026-05-24 23:19:22,2026-05-24 23:19:22
SP2038,"Nike AeroSwiftWomen's Dri-FIT ADV Mid-Rise 3"" Brief-Lined Running Shorts",Nike,Clothing,2210000.0,2850000.0,"https://static.nike.com/a/images/t_web_pw_592_v2/f_auto/u_9ddf04c7-2a9a-4d76-add1-d15af8f0263d,c_scale,fl_relative,w_1.0,h_1.0,fl_layer_apply/08f9ae00-5994-4e56-bf22-2004c3bd0b2f/W+NK+ARSWFT+DFADV+MR+3IN+SHORT.png",75,AVAILABLE,"Engineered with a responsive midsole system and secure support, this Nike sneaker is a great choice for enthusiasts.",4.3,23,"US 7, US 8, US 8.5, US 9, US 9.5, US 10, US 10.5, US 11, US 12",Blue/White,Women,2026-05-24 23:19:22,2026-05-24 23:19:22
SP2039,Nike SportswearWomen's Oversized Jersey,Nike,Sneakers,1820000.0,2190000.0,"https://static.nike.com/a/images/t_web_pw_592_v2/f_auto/u_9ddf04c7-2a9a-4d76-add1-d15af8f0263d,c_scale,fl_relative,w_1.0,h_1.0,fl_layer_apply/bc193e9b-a261-46a2-a64d-97d6338e37df/W+NSW+STREET+OS+SS+STRP+JSY.png",59,AVAILABLE,"Featuring premium materials and signature Nike design details, this sneaker delivers excellent impact protection and unmatched comfort.",4.8,136,"US 7, US 8, US 8.5, US 9, US 9.5, US 10, US 10.5, US 11, US 12",Bred,Women,2026-05-24 23:19:22,2026-05-24 23:19:22
SP2040,Nike SportswearWomen's Oversized 1/4-Zip Jacket,Nike,Clothing,3250000.0,3830000.0,"https://static.nike.com/a/images/t_web_pw_592_v2/f_auto/u_9ddf04c7-2a9a-4d76-add1-d15af8f0263d,c_scale,fl_relative,w_1.0,h_1.0,fl_layer_apply/e9bb9a12-5c64-49db-b1be-e780d7125b8f/W+NSW+STREET+HBR+JKT+SU26.png",15,AVAILABLE,"Crafted with durable uppers and specialized traction, this Nike release blends legendary sportswear history with contemporary performance.",4.7,72,"US 7, US 8, US 8.5, US 9, US 9.5, US 10, US 10.5, US 11, US 12",Shadow,Women,2026-05-24 23:19:22,2026-05-24 23:19:22
SP2041,Nike Vomero PremiumWomen's Road Running Shoes,Nike,Sneakers,5980000.0,7760000.0,"https://static.nike.com/a/images/t_web_pw_592_v2/f_auto/u_9ddf04c7-2a9a-4d76-add1-d15af8f0263d,c_scale,fl_relative,w_1.0,h_1.0,fl_layer_apply/c0dc6713-5433-4856-aba1-8f696026cb53/W+NIKE+VOMERO+PREMIUM.png",120,AVAILABLE,"A historic Nike silhouette reimagined with a modern aesthetic, it showcases classic color-blocking that elevates any casual outfit.",4.3,133,"US 7, US 8, US 8.5, US 9, US 9.5, US 10, US 10.5, US 11, US 12",Triple White,Women,2026-05-24 23:19:22,2026-05-24 23:19:22
SP2042,Nike Air Max 95 Big BubbleWomen's Shoes,Nike,Sneakers,4940000.0,6140000.0,"https://static.nike.com/a/images/t_web_pw_592_v2/f_auto/u_9ddf04c7-2a9a-4d76-add1-d15af8f0263d,c_scale,fl_relative,w_1.0,h_1.0,fl_layer_apply/bb099b73-3c49-4966-b25e-0799341421ee/W+NIKE+AIR+MAX+95+BIG+BUBBLE.png",102,AVAILABLE,"Crafted with durable uppers and specialized traction, this Nike release blends legendary sportswear history with contemporary performance.",4.5,80,"US 7, US 8, US 8.5, US 9, US 9.5, US 10, US 10.5, US 11, US 12",Sail/Navy,Women,2026-05-24 23:19:22,2026-05-24 23:19:22
SP2043,Nike Sportswear ClassicWomen's Loose Short-Sleeve Cropped T-Shirt,Nike,Clothing,832000.0,1070000.0,"https://static.nike.com/a/images/t_web_pw_592_v2/f_auto/u_9ddf04c7-2a9a-4d76-add1-d15af8f0263d,c_scale,fl_relative,w_1.0,h_1.0,fl_layer_apply/5217a7fd-73bb-443b-a9d2-ef1623d25d43/W+NSW+CLASSIC+CROP+SS+TEE.png",73,AVAILABLE,"Engineered with a responsive midsole system and secure support, this Nike sneaker is a great choice for enthusiasts.",4.9,21,"US 7, US 8, US 8.5, US 9, US 9.5, US 10, US 10.5, US 11, US 12",Bred,Women,2026-05-24 23:19:22,2026-05-24 23:19:22
SP2044,Nike SportswearWomen's Mid-Rise Poly-Knit Track Shorts,Nike,Clothing,1430000.0,1730000.0,"https://static.nike.com/a/images/t_web_pw_592_v2/f_auto/u_9ddf04c7-2a9a-4d76-add1-d15af8f0263d,c_scale,fl_relative,w_1.0,h_1.0,fl_layer_apply/8378ca13-30c0-45cc-a01f-400ef1872214/W+NSW+PK+TRACK+SHORT.png",50,AVAILABLE,"Designed for lightweight cushioning and everyday lifestyle wear, it provides a retro look while ensuring modern durability and flexibility.",4.6,137,"US 7, US 8, US 8.5, US 9, US 9.5, US 10, US 10.5, US 11, US 12",Grey/White,Women,2026-05-24 23:19:22,2026-05-24 23:19:22
SP2045,Nike Pegasus 42 By YouCustom Women's Road Running Shoes,Nike,Sneakers,4290000.0,5360000.0,"https://static.nike.com/a/images/t_web_pw_592_v2/f_auto/u_9ddf04c7-2a9a-4d76-add1-d15af8f0263d,c_scale,fl_relative,w_1.0,h_1.0,fl_layer_apply/d13316b9-0c10-4fde-b0a3-7c84de703fbb/W+AIR+ZOOM+PEGASUS+42+NBY.png",41,AVAILABLE,"A historic Nike silhouette reimagined with a modern aesthetic, it showcases classic color-blocking that elevates any casual outfit.",4.7,31,"US 7, US 8, US 8.5, US 9, US 9.5, US 10, US 10.5, US 11, US 12",Pine Green,Women,2026-05-24 23:19:22,2026-05-24 23:19:22
SP2046,Kobe IX Elite Low EM ProtroBasketball Shoes,Nike,Sneakers,4940000.0,6290000.0,"https://static.nike.com/a/images/t_web_pw_592_v2/f_auto/u_9ddf04c7-2a9a-4d76-add1-d15af8f0263d,c_scale,fl_relative,w_1.0,h_1.0,fl_layer_apply/15bef01d-7090-4f99-8aaf-6ec3b0b6c258/KOBE+IX+ELITE+LOW+EM+PROTRO.png",83,AVAILABLE,"Crafted with durable uppers and specialized traction, this Nike release blends legendary sportswear history with contemporary performance.",4.5,56,"US 7, US 8, US 8.5, US 9, US 9.5, US 10, US 10.5, US 11, US 12",University Blue,Men,2026-05-24 23:19:22,2026-05-24 23:19:22
SP2047,Nike SportswearBig Kids' Dri-FIT Tracksuit,Nike,Sneakers,1612000.0,1890000.0,"https://static.nike.com/a/images/t_web_pw_592_v2/f_auto/u_9ddf04c7-2a9a-4d76-add1-d15af8f0263d,c_scale,fl_relative,w_1.0,h_1.0,fl_layer_apply/ebad0370-c42a-4ddf-9c6f-1c000164ae7a/K+NSW+DF+TRACKSUIT+PK+FZ.png",18,AVAILABLE,"Crafted with durable uppers and specialized traction, this Nike release blends legendary sportswear history with contemporary performance.",4.9,125,"US 7, US 8, US 8.5, US 9, US 9.5, US 10, US 10.5, US 11, US 12",Pine Green,Kids,2026-05-24 23:19:22,2026-05-24 23:19:22
SP2048,Nike Sportswear Club FleeceGirls' Wide-Leg Pants,Nike,Clothing,1170000.0,,https://static.nike.com/a/images/t_web_pw_592_v2/f_auto/5d4a6f52-0321-4ef2-aca0-ce5ab037bc85/G+NSW+CLUB+FLC+WL+PNT+LBR.png,83,AVAILABLE,"Engineered with a responsive midsole system and secure support, this Nike sneaker is a great choice for enthusiasts.",4.4,51,"US 7, US 8, US 8.5, US 9, US 9.5, US 10, US 10.5, US 11, US 12",Sail/Navy,Unisex,2026-05-24 23:19:22,2026-05-24 23:19:22
SP2049,USMNT 2026 Stadium HomeBig Kids' Nike Dri-FIT Soccer Replica Jersey,Nike,Sneakers,2210000.0,,"https://static.nike.com/a/images/t_web_pw_592_v2/f_auto/u_9ddf04c7-2a9a-4d76-add1-d15af8f0263d,c_scale,fl_relative,w_1.0,h_1.0,fl_layer_apply/443b0f08-5dd7-448b-ab4d-af05dea41000/USA+Y+NK+DF+JSY+SS+STAD+HM.png",75,AVAILABLE,"Featuring premium materials and signature Nike design details, this sneaker delivers excellent impact protection and unmatched comfort.",4.3,113,"US 7, US 8, US 8.5, US 9, US 9.5, US 10, US 10.5, US 11, US 12",Shadow,Kids,2026-05-24 23:19:22,2026-05-24 23:19:22
SP2050,England 2026 Stadium AwayBig Kids' Nike Dri-FIT Soccer Replica Jersey,Nike,Sneakers,2210000.0,2650000.0,"https://static.nike.com/a/images/t_web_pw_592_v2/f_auto/u_9ddf04c7-2a9a-4d76-add1-d15af8f0263d,c_scale,fl_relative,w_1.0,h_1.0,fl_layer_apply/51ca8168-3212-4110-9702-da8861d14299/ENT+Y+NK+DF+JSY+SS+STAD+AW.png",61,AVAILABLE,"A historic Nike silhouette reimagined with a modern aesthetic, it showcases classic color-blocking that elevates any casual outfit.",4.7,46,"US 7, US 8, US 8.5, US 9, US 9.5, US 10, US 10.5, US 11, US 12",Shadow,Kids,2026-05-24 23:19:22,2026-05-24 23:19:22
SP2051,Nike Air Force 1 LEBig Kids' Shoes,Nike,Sneakers,2340000.0,,"https://static.nike.com/a/images/t_web_pw_592_v2/f_auto/u_9ddf04c7-2a9a-4d76-add1-d15af8f0263d,c_scale,fl_relative,w_1.0,h_1.0,fl_layer_apply/d9f1d9ee-a848-4a36-aab9-48b241078ebb/AIR+FORCE+1+LE+%28GS%29.png",69,AVAILABLE,"Featuring premium materials and signature Nike design details, this sneaker delivers excellent impact protection and unmatched comfort.",4.5,45,"US 7, US 8, US 8.5, US 9, US 9.5, US 10, US 10.5, US 11, US 12",Cream/Sand,Kids,2026-05-24 23:19:22,2026-05-24 23:19:22
SP2052,Nike Force 1 LowLittle Kids' Shoes,Nike,Sneakers,1820000.0,,"https://static.nike.com/a/images/t_web_pw_592_v2/f_auto/u_9ddf04c7-2a9a-4d76-add1-d15af8f0263d,c_scale,fl_relative,w_1.0,h_1.0,fl_layer_apply/181fa870-9308-4280-b46d-1b1aa0f757b8/FORCE+1+LOW+LACE+%28PS%29.png",64,AVAILABLE,"Engineered with a responsive midsole system and secure support, this Nike sneaker is a great choice for enthusiasts.",4.8,105,"US 7, US 8, US 8.5, US 9, US 9.5, US 10, US 10.5, US 11, US 12",Blue/White,Kids,2026-05-24 23:19:22,2026-05-24 23:19:22
SP2053,Nike Force 1 LowBaby/Toddler Shoes,Nike,Sneakers,1430000.0,,"https://static.nike.com/a/images/t_web_pw_592_v2/f_auto/u_9ddf04c7-2a9a-4d76-add1-d15af8f0263d,c_scale,fl_relative,w_1.0,h_1.0,fl_layer_apply/31b94703-37c7-4331-8915-917cfe66c019/FORCE+1+LOW+LACE+%28TD%29.png",45,AVAILABLE,"Engineered with a responsive midsole system and secure support, this Nike sneaker is a great choice for enthusiasts.",4.6,137,"US 7, US 8, US 8.5, US 9, US 9.5, US 10, US 10.5, US 11, US 12",Blue/White,Men,2026-05-24 23:19:22,2026-05-24 23:19:22
SP2054,Nike Sportswear Tech FleeceBig Kids' Full-Zip Hoodie,Nike,Clothing,2730000.0,,"https://static.nike.com/a/images/t_web_pw_592_v2/f_auto/u_9ddf04c7-2a9a-4d76-add1-d15af8f0263d,c_scale,fl_relative,w_1.0,h_1.0,fl_layer_apply/bf5f007a-2a82-4587-85a6-9390e0939c36/B+NSW+TCH+FLC+FZ+-+PD.png",19,AVAILABLE,"Designed for lightweight cushioning and everyday lifestyle wear, it provides a retro look while ensuring modern durability and flexibility.",4.6,29,"US 7, US 8, US 8.5, US 9, US 9.5, US 10, US 10.5, US 11, US 12",Bred,Kids,2026-05-24 23:19:22,2026-05-24 23:19:22
SP2055,Nike Sportswear Tech FleeceBig Kids' Joggers,Nike,Clothing,2340000.0,,"https://static.nike.com/a/images/t_web_pw_592_v2/f_auto/u_9ddf04c7-2a9a-4d76-add1-d15af8f0263d,c_scale,fl_relative,w_1.0,h_1.0,fl_layer_apply/ea2ed25d-6873-44c9-8705-55d377c68c5d/B+NSW+TCH+FLC+JGGR+-+PD.png",94,AVAILABLE,"Featuring premium materials and signature Nike design details, this sneaker delivers excellent impact protection and unmatched comfort.",4.8,141,"US 7, US 8, US 8.5, US 9, US 9.5, US 10, US 10.5, US 11, US 12",Volt/Black,Kids,2026-05-24 23:19:22,2026-05-24 23:19:22
SP2056,Nike Sportswear Club FleeceBig Kids' Oversized Sweatshirt,Nike,Clothing,1040000.0,,"https://static.nike.com/a/images/t_web_pw_592_v2/f_auto/u_9ddf04c7-2a9a-4d76-add1-d15af8f0263d,c_scale,fl_relative,w_1.0,h_1.0,fl_layer_apply/6a7080f4-ce03-4bc8-ba02-8774d193ff31/G+NSW+CLUB+FLC+OVRSZD+CREW+LBR.png",101,AVAILABLE,"Featuring premium materials and signature Nike design details, this sneaker delivers excellent impact protection and unmatched comfort.",4.8,42,"US 7, US 8, US 8.5, US 9, US 9.5, US 10, US 10.5, US 11, US 12",Triple White,Kids,2026-05-24 23:19:22,2026-05-24 23:19:22
SP2057,Nike Sportswear Club FleeceBig Kids' Loose Pants,Nike,Clothing,1300000.0,,https://static.nike.com/a/images/t_web_pw_592_v2/f_auto/78588073-15c4-40ed-89c5-0d3652c26809/G+NSW+CLUB+FLC+LOOSE+PANT+LBR.png,116,AVAILABLE,"Crafted with durable uppers and specialized traction, this Nike release blends legendary sportswear history with contemporary performance.",4.4,113,"US 7, US 8, US 8.5, US 9, US 9.5, US 10, US 10.5, US 11, US 12",Varsity Red/Black,Kids,2026-05-24 23:19:22,2026-05-24 23:19:22
SP2058,Nike Sportswear Club FleeceBig Kids' Sweatshirt,Nike,Clothing,1040000.0,,"https://static.nike.com/a/images/t_web_pw_592_v2/f_auto/u_9ddf04c7-2a9a-4d76-add1-d15af8f0263d,c_scale,fl_relative,w_1.0,h_1.0,fl_layer_apply/62e46f6b-0735-4ba0-864f-2540825f888d/K+NSW+CLUB+FLC+CREW+LS+LBR.png",27,AVAILABLE,"A historic Nike silhouette reimagined with a modern aesthetic, it showcases classic color-blocking that elevates any casual outfit.",4.2,101,"US 7, US 8, US 8.5, US 9, US 9.5, US 10, US 10.5, US 11, US 12",Grey Castlerock,Kids,2026-05-24 23:19:22,2026-05-24 23:19:22
SP2059,Nike Sportswear Club FleeceBig Kids' Joggers,Nike,Clothing,1170000.0,1420000.0,https://static.nike.com/a/images/t_web_pw_592_v2/f_auto/abefbd9f-7cdb-431b-a5ef-e4741808720b/K+NSW+CLUB+FLC+JGGR+LBR.png,30,AVAILABLE,"Crafted with durable uppers and specialized traction, this Nike release blends legendary sportswear history with contemporary performance.",4.4,77,"US 7, US 8, US 8.5, US 9, US 9.5, US 10, US 10.5, US 11, US 12",Light Bone,Kids,2026-05-24 23:19:22,2026-05-24 23:19:22
SP2060,Nike P-6000Big Kids' Shoes,Nike,Sneakers,2340000.0,,"https://static.nike.com/a/images/t_web_pw_592_v2/f_auto/u_9ddf04c7-2a9a-4d76-add1-d15af8f0263d,c_scale,fl_relative,w_1.0,h_1.0,fl_layer_apply/ac673baf-dba6-46a0-829e-76125d8f43a8/NIKE+P-6000+%28GS%29.png",81,AVAILABLE,"Designed for lightweight cushioning and everyday lifestyle wear, it provides a retro look while ensuring modern durability and flexibility.",4.2,93,"US 7, US 8, US 8.5, US 9, US 9.5, US 10, US 10.5, US 11, US 12",Grey Castlerock,Kids,2026-05-24 23:19:22,2026-05-24 23:19:22
SP2061,Nike ReactX Rejuven8Big Kids' Shoes,Nike,Sneakers,1612000.0,,"https://static.nike.com/a/images/t_web_pw_592_v2/f_auto/u_9ddf04c7-2a9a-4d76-add1-d15af8f0263d,c_scale,fl_relative,w_1.0,h_1.0,fl_layer_apply/6f652577-668c-4392-be35-353ebf63bc12/NIKE+REACTX+REJUVEN8+%28GS%29.png",56,AVAILABLE,"Designed for lightweight cushioning and everyday lifestyle wear, it provides a retro look while ensuring modern durability and flexibility.",4.8,20,"US 7, US 8, US 8.5, US 9, US 9.5, US 10, US 10.5, US 11, US 12",Navy/White,Kids,2026-05-24 23:19:22,2026-05-24 23:19:22
SP2062,Nike SportswearBig Kids' T-Shirt,Nike,Clothing,780000.0,890000.0,"https://static.nike.com/a/images/t_web_pw_592_v2/f_auto/u_9ddf04c7-2a9a-4d76-add1-d15af8f0263d,c_scale,fl_relative,w_1.0,h_1.0,fl_layer_apply/a02d03ca-32c8-465c-afda-b686b7a09966/K+NSW+TEE+PHOTO+GOAT.png",31,AVAILABLE,"Crafted with durable uppers and specialized traction, this Nike release blends legendary sportswear history with contemporary performance.",4.5,60,"US 7, US 8, US 8.5, US 9, US 9.5, US 10, US 10.5, US 11, US 12",Black/White,Kids,2026-05-24 23:19:22,2026-05-24 23:19:22
SP2063,Nike SportswearBig Kids' (Girls') Oversized T-Shirt,Nike,Clothing,650000.0,780000.0,"https://static.nike.com/a/images/t_web_pw_592_v2/f_auto/u_9ddf04c7-2a9a-4d76-add1-d15af8f0263d,c_scale,fl_relative,w_1.0,h_1.0,fl_layer_apply/afb57cc0-d7e9-4f74-be57-9cbe8942bd77/G+NSW+TEE+FLOWERS+OS.png",113,AVAILABLE,"Engineered with a responsive midsole system and secure support, this Nike sneaker is a great choice for enthusiasts.",4.4,130,"US 7, US 8, US 8.5, US 9, US 9.5, US 10, US 10.5, US 11, US 12",Sail/Navy,Kids,2026-05-24 23:19:22,2026-05-24 23:19:22
SP2064,Nike SportswearKids' T-Shirt,Nike,Clothing,780000.0,,"https://static.nike.com/a/images/t_web_pw_592_v2/f_auto/u_9ddf04c7-2a9a-4d76-add1-d15af8f0263d,c_scale,fl_relative,w_1.0,h_1.0,fl_layer_apply/71ed649a-ae37-42af-8a3d-397f50da053a/K+NK+TEE+M90+BBALL+NRG.png",40,AVAILABLE,"Designed for lightweight cushioning and everyday lifestyle wear, it provides a retro look while ensuring modern durability and flexibility.",4.7,111,"US 7, US 8, US 8.5, US 9, US 9.5, US 10, US 10.5, US 11, US 12",Bred,Kids,2026-05-24 23:19:22,2026-05-24 23:19:22
SP2065,Nike Dunk LowBig Kids' Shoes,Nike,Sneakers,2392000.0,2910000.0,"https://static.nike.com/a/images/t_web_pw_592_v2/f_auto/u_9ddf04c7-2a9a-4d76-add1-d15af8f0263d,c_scale,fl_relative,w_1.0,h_1.0,fl_layer_apply/2d576572-5f15-4868-af33-8f0117bdb45e/NIKE+DUNK+LOW+%28GS%29.png",100,AVAILABLE,"Engineered with a responsive midsole system and secure support, this Nike sneaker is a great choice for enthusiasts.",4.7,78,"US 7, US 8, US 8.5, US 9, US 9.5, US 10, US 10.5, US 11, US 12",Triple White,Kids,2026-05-24 23:19:22,2026-05-24 23:19:22
SP2066,Nike Dunk LowLittle Kids' Shoes,Nike,Sneakers,1872000.0,,"https://static.nike.com/a/images/t_web_pw_592_v2/f_auto/u_9ddf04c7-2a9a-4d76-add1-d15af8f0263d,c_scale,fl_relative,w_1.0,h_1.0,fl_layer_apply/d5a172a4-63de-4a03-b043-06649a0be10c/NIKE+DUNK+LOW+%28PS%29.png",57,AVAILABLE,"Designed for lightweight cushioning and everyday lifestyle wear, it provides a retro look while ensuring modern durability and flexibility.",4.6,140,"US 7, US 8, US 8.5, US 9, US 9.5, US 10, US 10.5, US 11, US 12",White/Black,Kids,2026-05-24 23:19:22,2026-05-24 23:19:22
SP2067,Nike Dunk LowBaby/Toddler Shoes,Nike,Sneakers,1482000.0,1770000.0,"https://static.nike.com/a/images/t_web_pw_592_v2/f_auto/u_9ddf04c7-2a9a-4d76-add1-d15af8f0263d,c_scale,fl_relative,w_1.0,h_1.0,fl_layer_apply/60753fb7-f964-4c3e-810b-f23adab208e5/NIKE+DUNK+LOW+%28TDE%29.png",111,AVAILABLE,"Engineered with a responsive midsole system and secure support, this Nike sneaker is a great choice for enthusiasts.",4.8,92,"US 7, US 8, US 8.5, US 9, US 9.5, US 10, US 10.5, US 11, US 12",White/Black,Men,2026-05-24 23:19:22,2026-05-24 23:19:22
SP2068,Nike AirBig Kids' Fleece Joggers,Nike,Clothing,1664000.0,2020000.0,https://static.nike.com/a/images/t_web_pw_592_v2/f_auto/0284f463-ee37-4d37-8b89-6e012fcd49e4/K+NK+AIR+FLC+JGGR.png,36,AVAILABLE,"A historic Nike silhouette reimagined with a modern aesthetic, it showcases classic color-blocking that elevates any casual outfit.",4.7,65,"US 7, US 8, US 8.5, US 9, US 9.5, US 10, US 10.5, US 11, US 12",Navy/White,Kids,2026-05-24 23:19:22,2026-05-24 23:19:22
SP2069,Nike SportswearBig Kids' Max90 T-Shirt,Nike,Clothing,780000.0,,"https://static.nike.com/a/images/t_web_pw_592_v2/f_auto/u_9ddf04c7-2a9a-4d76-add1-d15af8f0263d,c_scale,fl_relative,w_1.0,h_1.0,fl_layer_apply/111472b4-22a5-475b-ad53-cb80ae6f7431/K+NSW+TEE+M90+HAZ+STRIPE.png",18,AVAILABLE,"Crafted with durable uppers and specialized traction, this Nike release blends legendary sportswear history with contemporary performance.",4.9,122,"US 7, US 8, US 8.5, US 9, US 9.5, US 10, US 10.5, US 11, US 12",Triple Black,Kids,2026-05-24 23:19:22,2026-05-24 23:19:22
SP2070,"Air Jordan 4 ""Toro""Men's Shoes",Jordan,Sneakers,5720000.0,,"https://static.nike.com/a/images/t_web_pw_592_v2/f_auto/u_126ab356-44d8-4a06-89b4-fcdcc8df0245,c_scale,fl_relative,w_1.0,h_1.0,fl_layer_apply/4fde2cc9-99ff-469a-81b3-e74ffe5be20f/AIR+JORDAN+4+RETRO.png",26,AVAILABLE,"Designed for lightweight cushioning and everyday lifestyle wear, it provides a retro look while ensuring modern durability and flexibility.",4.5,23,"US 7, US 8, US 8.5, US 9, US 9.5, US 10, US 10.5, US 11, US 12",Bred,Men,2026-05-24 23:19:22,2026-05-24 23:19:22
SP2071,Nike Tennis ClassicMen's Shoes,Nike,Sneakers,2730000.0,,"https://static.nike.com/a/images/t_web_pw_592_v2/f_auto/u_9ddf04c7-2a9a-4d76-add1-d15af8f0263d,c_scale,fl_relative,w_1.0,h_1.0,fl_layer_apply/94ae4c48-4647-4eae-8301-6bd0b50ba81a/TENNIS+CLASSIC+CS+STYLE.png",43,AVAILABLE,"A historic Nike silhouette reimagined with a modern aesthetic, it showcases classic color-blocking that elevates any casual outfit.",4.7,107,"US 7, US 8, US 8.5, US 9, US 9.5, US 10, US 10.5, US 11, US 12",University Blue,Men,2026-05-24 23:19:22,2026-05-24 23:19:22
SP2072,Nike Tennis Classic PRMMen's Terry Shoes,Nike,Sneakers,3250000.0,,"https://static.nike.com/a/images/t_web_pw_592_v2/f_auto/u_9ddf04c7-2a9a-4d76-add1-d15af8f0263d,c_scale,fl_relative,w_1.0,h_1.0,fl_layer_apply/8b837a52-4418-43b1-9ec3-b865042a409b/TENNIS+CLASSIC+CS+PRM+%28TERRY%29.png",49,AVAILABLE,"Designed for lightweight cushioning and everyday lifestyle wear, it provides a retro look while ensuring modern durability and flexibility.",4.2,41,"US 7, US 8, US 8.5, US 9, US 9.5, US 10, US 10.5, US 11, US 12",Blue/White,Men,2026-05-24 23:19:22,2026-05-24 23:19:22
SP2073,Nike Air Max 95 OGMen's Shoes,Nike,Sneakers,4940000.0,,"https://static.nike.com/a/images/t_web_pw_592_v2/f_auto/u_9ddf04c7-2a9a-4d76-add1-d15af8f0263d,c_scale,fl_relative,w_1.0,h_1.0,fl_layer_apply/ca9fcdc0-a84e-478e-b370-2d396d50e369/AIR+MAX+95+BIG+BUBBLE.png",89,AVAILABLE,"Engineered with a responsive midsole system and secure support, this Nike sneaker is a great choice for enthusiasts.",4.3,34,"US 7, US 8, US 8.5, US 9, US 9.5, US 10, US 10.5, US 11, US 12",Triple Black,Men,2026-05-24 23:19:22,2026-05-24 23:19:22
SP2074,"Nike G.T. Cut 4 ""Victor Wembanyama""Basketball Shoes",Nike,Sneakers,5460000.0,,"https://static.nike.com/a/images/t_web_pw_592_v2/f_auto/u_9ddf04c7-2a9a-4d76-add1-d15af8f0263d,c_scale,fl_relative,w_1.0,h_1.0,fl_layer_apply/0bf16e28-22e6-4c40-bf76-b38a14b184f9/G.T.+CUT+4+VW.png",71,AVAILABLE,"Featuring premium materials and signature Nike design details, this sneaker delivers excellent impact protection and unmatched comfort.",4.2,38,"US 7, US 8, US 8.5, US 9, US 9.5, US 10, US 10.5, US 11, US 12",Pine Green,Men,2026-05-24 23:19:22,2026-05-24 23:19:22
SP2075,"Ja 3 x ""Kool-Aid""Basketball Shoes",Nike,Sneakers,3510000.0,,"https://static.nike.com/a/images/t_web_pw_592_v2/f_auto/u_9ddf04c7-2a9a-4d76-add1-d15af8f0263d,c_scale,fl_relative,w_1.0,h_1.0,fl_layer_apply/de772a38-6a2d-4a2d-a40f-9446a43a5f83/JA+3+KOOL+AID.png",70,AVAILABLE,"Crafted with durable uppers and specialized traction, this Nike release blends legendary sportswear history with contemporary performance.",4.5,109,"US 7, US 8, US 8.5, US 9, US 9.5, US 10, US 10.5, US 11, US 12",Sail/Navy,Unisex,2026-05-24 23:19:22,2026-05-24 23:19:22
SP2076,Nike Pegasus PremiumMen's Road Running Shoes,Nike,Sneakers,5720000.0,,"https://static.nike.com/a/images/t_web_pw_592_v2/f_auto/u_9ddf04c7-2a9a-4d76-add1-d15af8f0263d,c_scale,fl_relative,w_1.0,h_1.0,fl_layer_apply/f9a1f279-7cb2-4934-a325-b62a68269fc4/NIKE+PEGASUS+PREMIUM.png",27,AVAILABLE,"A historic Nike silhouette reimagined with a modern aesthetic, it showcases classic color-blocking that elevates any casual outfit.",4.6,108,"US 7, US 8, US 8.5, US 9, US 9.5, US 10, US 10.5, US 11, US 12",Pine Green,Men,2026-05-24 23:19:22,2026-05-24 23:19:22
SP2077,Nike Vomero PremiumMen's Road Running Shoes,Nike,Sneakers,5980000.0,7010000.0,"https://static.nike.com/a/images/t_web_pw_592_v2/f_auto/u_9ddf04c7-2a9a-4d76-add1-d15af8f0263d,c_scale,fl_relative,w_1.0,h_1.0,fl_layer_apply/d0e0df7b-e2a0-4e04-aaed-59dacae250d4/NIKE+VOMERO+PREMIUM.png",66,AVAILABLE,"Engineered with a responsive midsole system and secure support, this Nike sneaker is a great choice for enthusiasts.",4.3,70,"US 7, US 8, US 8.5, US 9, US 9.5, US 10, US 10.5, US 11, US 12",Light Bone,Men,2026-05-24 23:19:22,2026-05-24 23:19:22
SP2078,"Air Jordan 1 Retro Low OG ""Banned""Men's Shoes",Jordan,Sneakers,3770000.0,4830000.0,"https://static.nike.com/a/images/t_web_pw_592_v2/f_auto/u_126ab356-44d8-4a06-89b4-fcdcc8df0245,c_scale,fl_relative,w_1.0,h_1.0,fl_layer_apply/ba9c1273-c857-431c-8ec7-f97aa861ed69/AIR+JORDAN+1+RETRO+LOW+OG.png",71,AVAILABLE,"Crafted with durable uppers and specialized traction, this Jordan release blends legendary sportswear history with contemporary performance.",4.9,110,"US 7, US 8, US 8.5, US 9, US 9.5, US 10, US 10.5, US 11, US 12",Shadow,Men,2026-05-24 23:19:22,2026-05-24 23:19:22
SP2079,"Air Jordan 3 ""World's Best""Men's Shoes",Jordan,Sneakers,5590000.0,,"https://static.nike.com/a/images/t_web_pw_592_v2/f_auto/u_126ab356-44d8-4a06-89b4-fcdcc8df0245,c_scale,fl_relative,w_1.0,h_1.0,fl_layer_apply/31313d8b-c313-4270-91d8-f03d8078f960/AIR+JORDAN+3+RETRO+OG.png",39,AVAILABLE,"Designed for lightweight cushioning and everyday lifestyle wear, it provides a retro look while ensuring modern durability and flexibility.",4.2,149,"US 7, US 8, US 8.5, US 9, US 9.5, US 10, US 10.5, US 11, US 12",Cream/Sand,Men,2026-05-24 23:19:22,2026-05-24 23:19:22
SP2080,Nike ACG ZegamaMen's Trail Running Shoes,Nike,Sneakers,4680000.0,,"https://static.nike.com/a/images/t_web_pw_592_v2/f_auto/u_9ddf04c7-2a9a-4d76-add1-d15af8f0263d,c_scale,fl_relative,w_1.0,h_1.0,fl_layer_apply/d6c5beef-1ed9-4b35-925f-6dc63b6ae69a/NIKE+ACG+ZEGAMA+TRAIL.png",75,AVAILABLE,"Crafted with durable uppers and specialized traction, this Nike release blends legendary sportswear history with contemporary performance.",4.5,121,"US 7, US 8, US 8.5, US 9, US 9.5, US 10, US 10.5, US 11, US 12",Volt/Black,Men,2026-05-24 23:19:22,2026-05-24 23:19:22
SP2081,Nike ACG Pegasus TrailMen's Trail Running Shoes,Nike,Sneakers,4030000.0,,"https://static.nike.com/a/images/t_web_pw_592_v2/f_auto/u_9ddf04c7-2a9a-4d76-add1-d15af8f0263d,c_scale,fl_relative,w_1.0,h_1.0,fl_layer_apply/4c66c037-f50e-4de0-b7ae-39288003a0e0/NIKE+ACG+PEGASUS+TRAIL.png",90,AVAILABLE,"Featuring premium materials and signature Nike design details, this sneaker delivers excellent impact protection and unmatched comfort.",4.5,9,"US 7, US 8, US 8.5, US 9, US 9.5, US 10, US 10.5, US 11, US 12",Volt/Black,Men,2026-05-24 23:19:22,2026-05-24 23:19:22
SP2082,"Nike Dunk Low SE ""LNY""Men's Shoes",Nike,Sneakers,3380000.0,,"https://static.nike.com/a/images/t_web_pw_592_v2/f_auto/u_9ddf04c7-2a9a-4d76-add1-d15af8f0263d,c_scale,fl_relative,w_1.0,h_1.0,fl_layer_apply/29ae8373-4463-48c7-9956-63300e6218c5/NIKE+DUNK+LOW.png",39,AVAILABLE,"Featuring premium materials and signature Nike design details, this sneaker delivers excellent impact protection and unmatched comfort.",4.3,108,"US 7, US 8, US 8.5, US 9, US 9.5, US 10, US 10.5, US 11, US 12",Navy/White,Men,2026-05-24 23:19:22,2026-05-24 23:19:22
SP2083,Nike Air Force 1 '07 RealTreeMen's Shoes,Nike,Sneakers,3250000.0,,"https://static.nike.com/a/images/t_web_pw_592_v2/f_auto/u_9ddf04c7-2a9a-4d76-add1-d15af8f0263d,c_scale,fl_relative,w_1.0,h_1.0,fl_layer_apply/857770a5-33de-4f3d-882d-8c2bc8234a79/AIR+FORCE+1+%2707.png",16,AVAILABLE,"Featuring premium materials and signature Nike design details, this sneaker delivers excellent impact protection and unmatched comfort.",4.4,47,"US 7, US 8, US 8.5, US 9, US 9.5, US 10, US 10.5, US 11, US 12",Sail/Navy,Men,2026-05-24 23:19:22,2026-05-24 23:19:22
SP2084,Nike Phantom 6 High Elite LV8Firm-Ground Soccer Cleats,Nike,Sneakers,7670000.0,,"https://static.nike.com/a/images/t_web_pw_592_v2/f_auto/u_9ddf04c7-2a9a-4d76-add1-d15af8f0263d,c_scale,fl_relative,w_1.0,h_1.0,fl_layer_apply/70d4e6c1-9d72-453f-9996-4017791e1f88/PHANTOM+6+HIGH+ELITE+FG+LV8.png",39,AVAILABLE,"Featuring premium materials and signature Nike design details, this sneaker delivers excellent impact protection and unmatched comfort.",4.2,77,"US 7, US 8, US 8.5, US 9, US 9.5, US 10, US 10.5, US 11, US 12",Triple Black,Men,2026-05-24 23:19:22,2026-05-24 23:19:22
SP2085,Nike Air Max Big BubbleMen's Shoes,Nike,Sneakers,5200000.0,,"https://static.nike.com/a/images/t_web_pw_592_v2/f_auto/u_9ddf04c7-2a9a-4d76-add1-d15af8f0263d,c_scale,fl_relative,w_1.0,h_1.0,fl_layer_apply/2d8b3ec5-9e42-463f-86c4-f110ee6d7ac8/AIR+MAX+95+BB+TECH.png",42,AVAILABLE,"Featuring premium materials and signature Nike design details, this sneaker delivers excellent impact protection and unmatched comfort.",4.9,149,"US 7, US 8, US 8.5, US 9, US 9.5, US 10, US 10.5, US 11, US 12",Grey/White,Men,2026-05-24 23:19:22,2026-05-24 23:19:22
SP2086,Nike Shox R4Men's Shoes,Nike,Sneakers,4030000.0,,"https://static.nike.com/a/images/t_web_pw_592_v2/f_auto/u_9ddf04c7-2a9a-4d76-add1-d15af8f0263d,c_scale,fl_relative,w_1.0,h_1.0,fl_layer_apply/37255fa7-9512-4e59-97fe-631af32c8056/NIKE+SHOX+R4+JEWEL+QS.png",73,AVAILABLE,"Crafted with durable uppers and specialized traction, this Nike release blends legendary sportswear history with contemporary performance.",4.2,99,"US 7, US 8, US 8.5, US 9, US 9.5, US 10, US 10.5, US 11, US 12",Light Bone,Men,2026-05-24 23:19:22,2026-05-24 23:19:22
SP2087,"Sabrina 3 ""WNBA 30th""Basketball Shoes",Nike,Sneakers,3770000.0,,"https://static.nike.com/a/images/t_web_pw_592_v2/f_auto/u_9ddf04c7-2a9a-4d76-add1-d15af8f0263d,c_scale,fl_relative,w_1.0,h_1.0,fl_layer_apply/93a1bdf0-4400-4218-bc42-3a93389a4684/SABRINA+3++NRG.png",82,AVAILABLE,"Featuring premium materials and signature Nike design details, this sneaker delivers excellent impact protection and unmatched comfort.",4.8,30,"US 7, US 8, US 8.5, US 9, US 9.5, US 10, US 10.5, US 11, US 12",Varsity Red/Black,Men,2026-05-24 23:19:22,2026-05-24 23:19:22
SP2088,"LeBron XXIII ""Old Glory""Basketball Shoes",Nike,Sneakers,5460000.0,6270000.0,"https://static.nike.com/a/images/t_web_pw_592_v2/f_auto/u_9ddf04c7-2a9a-4d76-add1-d15af8f0263d,c_scale,fl_relative,w_1.0,h_1.0,fl_layer_apply/4c7f7ef9-0f0b-4e1c-96bd-12f0859042e6/LEBRON+XXIII.png",25,AVAILABLE,"A historic Nike silhouette reimagined with a modern aesthetic, it showcases classic color-blocking that elevates any casual outfit.",4.6,52,"US 7, US 8, US 8.5, US 9, US 9.5, US 10, US 10.5, US 11, US 12",Black/White,Men,2026-05-24 23:19:22,2026-05-24 23:19:22
SP2089,Nike Air Force 1 '07Men's Shoes,Nike,Sneakers,2990000.0,,"https://static.nike.com/a/images/t_web_pw_592_v2/f_auto/u_9ddf04c7-2a9a-4d76-add1-d15af8f0263d,c_scale,fl_relative,w_1.0,h_1.0,fl_layer_apply/b596fa86-9e1f-4629-99a0-0f17b8b963d3/AIR+FORCE+1+%2707.png",30,AVAILABLE,"Designed for lightweight cushioning and everyday lifestyle wear, it provides a retro look while ensuring modern durability and flexibility.",4.5,65,"US 7, US 8, US 8.5, US 9, US 9.5, US 10, US 10.5, US 11, US 12",White/Black,Men,2026-05-24 23:19:22,2026-05-24 23:19:22
SP2090,Nike NEXT% TOUR 3Golf Shoes,Nike,Sneakers,5200000.0,,"https://static.nike.com/a/images/t_web_pw_592_v2/f_auto/u_9ddf04c7-2a9a-4d76-add1-d15af8f0263d,c_scale,fl_relative,w_1.0,h_1.0,fl_layer_apply/fe7260f2-bb22-4523-805e-081dab97937a/NIKE+NEXT%25+TOUR+3+NRG+M26.png",37,AVAILABLE,"Designed for lightweight cushioning and everyday lifestyle wear, it provides a retro look while ensuring modern durability and flexibility.",4.4,24,"US 7, US 8, US 8.5, US 9, US 9.5, US 10, US 10.5, US 11, US 12",Multi-Color,Women,2026-05-24 23:19:22,2026-05-24 23:19:22
SP2091,Nike Pegasus 1 GGolf Shoes,Nike,Sneakers,4420000.0,5320000.0,"https://static.nike.com/a/images/t_web_pw_592_v2/f_auto/u_9ddf04c7-2a9a-4d76-add1-d15af8f0263d,c_scale,fl_relative,w_1.0,h_1.0,fl_layer_apply/acba5092-0a6b-469a-8e73-4601f5581eb3/PEGASUS+1+G.png",34,AVAILABLE,"Featuring premium materials and signature Nike design details, this sneaker delivers excellent impact protection and unmatched comfort.",4.4,71,"US 7, US 8, US 8.5, US 9, US 9.5, US 10, US 10.5, US 11, US 12",Multi-Color,Women,2026-05-24 23:19:22,2026-05-24 23:19:22
SP2092,Nike Zoom Vapor 12 PRMMen's Clay Court Tennis Shoes,Nike,Sneakers,4680000.0,,"https://static.nike.com/a/images/t_web_pw_592_v2/f_auto/u_9ddf04c7-2a9a-4d76-add1-d15af8f0263d,c_scale,fl_relative,w_1.0,h_1.0,fl_layer_apply/c3d1fa7d-404e-4ea7-8046-ff7bdf1af131/M+ZOOM+VAPOR+12+CLY+PRM.png",73,AVAILABLE,"A historic Nike silhouette reimagined with a modern aesthetic, it showcases classic color-blocking that elevates any casual outfit.",4.8,48,"US 7, US 8, US 8.5, US 9, US 9.5, US 10, US 10.5, US 11, US 12",Grey Castlerock,Men,2026-05-24 23:19:22,2026-05-24 23:19:22
SP2093,"Nike Air Max 90 ""Hypervenom""Men's Shoes",Nike,Sneakers,3900000.0,,"https://static.nike.com/a/images/t_web_pw_592_v2/f_auto/u_9ddf04c7-2a9a-4d76-add1-d15af8f0263d,c_scale,fl_relative,w_1.0,h_1.0,fl_layer_apply/26e2f0d9-ff3e-40b7-9fc9-17875215b199/AIR+MAX+90.png",83,AVAILABLE,"Designed for lightweight cushioning and everyday lifestyle wear, it provides a retro look while ensuring modern durability and flexibility.",4.4,5,"US 7, US 8, US 8.5, US 9, US 9.5, US 10, US 10.5, US 11, US 12",Blue/White,Men,2026-05-24 23:19:22,2026-05-24 23:19:22
SP2094,"Nike Air Max 90 ""Mercurial""Men's Shoes",Nike,Sneakers,3900000.0,,"https://static.nike.com/a/images/t_web_pw_592_v2/f_auto/u_9ddf04c7-2a9a-4d76-add1-d15af8f0263d,c_scale,fl_relative,w_1.0,h_1.0,fl_layer_apply/49c3e628-1b11-444b-b05c-546e94ad6bae/AIR+MAX+90+SE.png",117,AVAILABLE,"A historic Nike silhouette reimagined with a modern aesthetic, it showcases classic color-blocking that elevates any casual outfit.",4.7,64,"US 7, US 8, US 8.5, US 9, US 9.5, US 10, US 10.5, US 11, US 12",Olive/Gum,Men,2026-05-24 23:19:22,2026-05-24 23:19:22
SP2095,"Nike Air Max 90 ""Tiempo""Men's Shoes",Nike,Sneakers,3900000.0,4760000.0,"https://static.nike.com/a/images/t_web_pw_592_v2/f_auto/u_9ddf04c7-2a9a-4d76-add1-d15af8f0263d,c_scale,fl_relative,w_1.0,h_1.0,fl_layer_apply/08876b1e-0faf-4f60-a45c-2a0e30468fd4/AIR+MAX+90.png",61,AVAILABLE,"Engineered with a responsive midsole system and secure support, this Nike sneaker is a great choice for enthusiasts.",4.3,114,"US 7, US 8, US 8.5, US 9, US 9.5, US 10, US 10.5, US 11, US 12",Shadow,Men,2026-05-24 23:19:22,2026-05-24 23:19:22
SP2096,Nike P-6000Men's Shoes,Nike,Sneakers,2990000.0,3560000.0,"https://static.nike.com/a/images/t_web_pw_592_v2/f_auto/u_9ddf04c7-2a9a-4d76-add1-d15af8f0263d,c_scale,fl_relative,w_1.0,h_1.0,fl_layer_apply/81187654-af4d-4fa5-b032-28bd9a748e71/NIKE+P-6000.png",30,AVAILABLE,"Engineered with a responsive midsole system and secure support, this Nike sneaker is a great choice for enthusiasts.",4.5,52,"US 7, US 8, US 8.5, US 9, US 9.5, US 10, US 10.5, US 11, US 12",Shadow,Men,2026-05-24 23:19:22,2026-05-24 23:19:22
SP2097,Nike V5 RNRMen's Shoes,Nike,Sneakers,2470000.0,2990000.0,"https://static.nike.com/a/images/t_web_pw_592_v2/f_auto/u_9ddf04c7-2a9a-4d76-add1-d15af8f0263d,c_scale,fl_relative,w_1.0,h_1.0,fl_layer_apply/bf331795-0ecd-470e-907e-34648915239c/NIKE+V5+RNR.png",88,AVAILABLE,"Featuring premium materials and signature Nike design details, this sneaker delivers excellent impact protection and unmatched comfort.",4.9,79,"US 7, US 8, US 8.5, US 9, US 9.5, US 10, US 10.5, US 11, US 12",University Blue,Men,2026-05-24 23:19:22,2026-05-24 23:19:22
SP2098,Nike Zoom Vomero 5Men's Shoes,Nike,Sneakers,4420000.0,,"https://static.nike.com/a/images/t_web_pw_592_v2/f_auto/u_9ddf04c7-2a9a-4d76-add1-d15af8f0263d,c_scale,fl_relative,w_1.0,h_1.0,fl_layer_apply/e8f1c07d-a7a9-4154-b57d-265ad3b4b446/NIKE+ZOOM+VOMERO+5.png",93,AVAILABLE,"Featuring premium materials and signature Nike design details, this sneaker delivers excellent impact protection and unmatched comfort.",4.4,88,"US 7, US 8, US 8.5, US 9, US 9.5, US 10, US 10.5, US 11, US 12",University Blue,Men,2026-05-24 23:19:22,2026-05-24 23:19:22
SP2099,Nike ReactX Rejuven8Men's Shoes,Nike,Sneakers,2210000.0,,"https://static.nike.com/a/images/t_web_pw_592_v2/f_auto/u_9ddf04c7-2a9a-4d76-add1-d15af8f0263d,c_scale,fl_relative,w_1.0,h_1.0,fl_layer_apply/421a11d1-fc4d-4f2e-916d-1b989fce8600/NIKE+REACTX+REJUVEN8.png",104,AVAILABLE,"Designed for lightweight cushioning and everyday lifestyle wear, it provides a retro look while ensuring modern durability and flexibility.",4.2,45,"US 7, US 8, US 8.5, US 9, US 9.5, US 10, US 10.5, US 11, US 12",White/Black,Men,2026-05-24 23:19:22,2026-05-24 23:19:22
SP2100,Nike Waffle RacerMen's Shoes,Nike,Sneakers,2470000.0,2810000.0,"https://static.nike.com/a/images/t_web_pw_592_v2/f_auto/u_9ddf04c7-2a9a-4d76-add1-d15af8f0263d,c_scale,fl_relative,w_1.0,h_1.0,fl_layer_apply/8d347d96-a486-4f59-8ef2-05b86da7035d/WAFFLE+RACER.png",73,AVAILABLE,"A historic Nike silhouette reimagined with a modern aesthetic, it showcases classic color-blocking that elevates any casual outfit.",4.7,78,"US 7, US 8, US 8.5, US 9, US 9.5, US 10, US 10.5, US 11, US 12",Black/White,Men,2026-05-24 23:19:22,2026-05-24 23:19:22
SP2101,Nike Air Force 1 Flyknit 2.0Shoes,Nike,Sneakers,3250000.0,3730000.0,"https://static.nike.com/a/images/t_web_pw_592_v2/f_auto/u_9ddf04c7-2a9a-4d76-add1-d15af8f0263d,c_scale,fl_relative,w_1.0,h_1.0,fl_layer_apply/sysjoe9calqxska4tjot/AIR+FORCE+1+FLYKNIT+2.0.png",22,AVAILABLE,"Designed for lightweight cushioning and everyday lifestyle wear, it provides a retro look while ensuring modern durability and flexibility.",4.8,47,"US 7, US 8, US 8.5, US 9, US 9.5, US 10, US 10.5, US 11, US 12",Multi-Color,Unisex,2026-05-24 23:19:22,2026-05-24 23:19:22
SP2102,Nike LD-1000 FlyknitMen's Shoes,Nike,Sneakers,2990000.0,,"https://static.nike.com/a/images/t_web_pw_592_v2/f_auto/u_9ddf04c7-2a9a-4d76-add1-d15af8f0263d,c_scale,fl_relative,w_1.0,h_1.0,fl_layer_apply/68b819bb-aa59-444d-8381-46d3c547173d/LD-1000+FLYKNIT.png",105,AVAILABLE,"A historic Nike silhouette reimagined with a modern aesthetic, it showcases classic color-blocking that elevates any casual outfit.",4.8,49,"US 7, US 8, US 8.5, US 9, US 9.5, US 10, US 10.5, US 11, US 12",Grey/White,Men,2026-05-24 23:19:22,2026-05-24 23:19:22
SP2103,Nike Air Max UptempoMen's Shoes,Nike,Sneakers,4420000.0,,"https://static.nike.com/a/images/t_web_pw_592_v2/f_auto/u_9ddf04c7-2a9a-4d76-add1-d15af8f0263d,c_scale,fl_relative,w_1.0,h_1.0,fl_layer_apply/838bb763-d693-41a1-8a37-b29a0a6b814a/AIR+MAX+UPTEMPO.png",87,AVAILABLE,"A historic Nike silhouette reimagined with a modern aesthetic, it showcases classic color-blocking that elevates any casual outfit.",4.7,107,"US 7, US 8, US 8.5, US 9, US 9.5, US 10, US 10.5, US 11, US 12",Grey Castlerock,Men,2026-05-24 23:19:22,2026-05-24 23:19:22
SP2104,Kobe Air Force 1 LowMen's Shoes,Nike,Sneakers,3120000.0,3690000.0,"https://static.nike.com/a/images/t_web_pw_592_v2/f_auto/u_9ddf04c7-2a9a-4d76-add1-d15af8f0263d,c_scale,fl_relative,w_1.0,h_1.0,fl_layer_apply/473bca07-18c0-4be8-8d95-868f3a8d10af/KOBE+AIR+FORCE+1+LOW.png",83,AVAILABLE,"Engineered with a responsive midsole system and secure support, this Nike sneaker is a great choice for enthusiasts.",4.8,117,"US 7, US 8, US 8.5, US 9, US 9.5, US 10, US 10.5, US 11, US 12",Olive/Gum,Men,2026-05-24 23:19:22,2026-05-24 23:19:22
SP2105,Nike Air Force 1 '07 Patent LeatherMen's Shoes,Nike,Sneakers,3250000.0,,"https://static.nike.com/a/images/t_web_pw_592_v2/f_auto/u_9ddf04c7-2a9a-4d76-add1-d15af8f0263d,c_scale,fl_relative,w_1.0,h_1.0,fl_layer_apply/84b3498b-0d9a-44a2-88f7-98740a64cd1f/AIR+FORCE+1+%2707+PRM.png",24,AVAILABLE,"Designed for lightweight cushioning and everyday lifestyle wear, it provides a retro look while ensuring modern durability and flexibility.",4.5,19,"US 7, US 8, US 8.5, US 9, US 9.5, US 10, US 10.5, US 11, US 12",Grey Castlerock,Men,2026-05-24 23:19:22,2026-05-24 23:19:22
SP2106,Nike AstrograbberMen's Shoes,Nike,Sneakers,3510000.0,,"https://static.nike.com/a/images/t_web_pw_592_v2/f_auto/u_9ddf04c7-2a9a-4d76-add1-d15af8f0263d,c_scale,fl_relative,w_1.0,h_1.0,fl_layer_apply/34223a99-d95f-47bb-a15f-6e9c297ac543/NIKE+ASTROGRABBER+QS.png",90,AVAILABLE,"Engineered with a responsive midsole system and secure support, this Nike sneaker is a great choice for enthusiasts.",4.6,20,"US 7, US 8, US 8.5, US 9, US 9.5, US 10, US 10.5, US 11, US 12",Shadow,Men,2026-05-24 23:19:22,2026-05-24 23:19:22
SP2107,Nike Dunk Low RetroMen's Shoes,Nike,Sneakers,3120000.0,3900000.0,"https://static.nike.com/a/images/t_web_pw_592_v2/f_auto/u_9ddf04c7-2a9a-4d76-add1-d15af8f0263d,c_scale,fl_relative,w_1.0,h_1.0,fl_layer_apply/70584946-7e5c-4e1c-813a-eecbecb01da7/NIKE+DUNK+LOW+RETRO.png",40,AVAILABLE,"A historic Nike silhouette reimagined with a modern aesthetic, it showcases classic color-blocking that elevates any casual outfit.",4.4,13,"US 7, US 8, US 8.5, US 9, US 9.5, US 10, US 10.5, US 11, US 12",Cream/Sand,Men,2026-05-24 23:19:22,2026-05-24 23:19:22
SP2108,Nike Ava X MeshMen's Shoes,Nike,Sneakers,3250000.0,4120000.0,"https://static.nike.com/a/images/t_web_pw_592_v2/f_auto/u_9ddf04c7-2a9a-4d76-add1-d15af8f0263d,c_scale,fl_relative,w_1.0,h_1.0,fl_layer_apply/44c3747f-9867-459b-af5a-bccc672d98ba/NIKE+AVA+X.png",50,AVAILABLE,"Featuring premium materials and signature Nike design details, this sneaker delivers excellent impact protection and unmatched comfort.",4.8,145,"US 7, US 8, US 8.5, US 9, US 9.5, US 10, US 10.5, US 11, US 12",Grey/White,Men,2026-05-24 23:19:22,2026-05-24 23:19:22
SP2109,Nike Air Max 95 Big BubbleMen's Shoes,Nike,Sneakers,4940000.0,,"https://static.nike.com/a/images/t_web_pw_592_v2/f_auto/u_9ddf04c7-2a9a-4d76-add1-d15af8f0263d,c_scale,fl_relative,w_1.0,h_1.0,fl_layer_apply/8c6547df-d4ac-4b28-8fe6-fe7763053a8b/NIKE+AIR+MAX+95+BIG+BUBBLE.png",28,AVAILABLE,"Featuring premium materials and signature Nike design details, this sneaker delivers excellent impact protection and unmatched comfort.",4.5,89,"US 7, US 8, US 8.5, US 9, US 9.5, US 10, US 10.5, US 11, US 12",Olive/Gum,Men,2026-05-24 23:19:22,2026-05-24 23:19:22
SP2110,Nike Air Force 1 '07 LX VibramMen's Shoes,Nike,Sneakers,3640000.0,,"https://static.nike.com/a/images/t_web_pw_592_v2/f_auto/u_9ddf04c7-2a9a-4d76-add1-d15af8f0263d,c_scale,fl_relative,w_1.0,h_1.0,fl_layer_apply/43dde03e-a557-403f-86b9-6b6302718ae9/AIR+FORCE+1+%2707+LX+VIBRAM.png",21,AVAILABLE,"Designed for lightweight cushioning and everyday lifestyle wear, it provides a retro look while ensuring modern durability and flexibility.",4.6,63,"US 7, US 8, US 8.5, US 9, US 9.5, US 10, US 10.5, US 11, US 12",Bred,Men,2026-05-24 23:19:22,2026-05-24 23:19:22
SP2111,"Air Jordan 1 High OG ""Khaki""Women's Shoes",Jordan,Sneakers,4810000.0,,"https://static.nike.com/a/images/t_web_pw_592_v2/f_auto/u_126ab356-44d8-4a06-89b4-fcdcc8df0245,c_scale,fl_relative,w_1.0,h_1.0,fl_layer_apply/0264677b-c726-4a85-9def-a6082a1768ad/WMNS+AIR+JORDAN+1+RETRO+HI+OG.png",114,AVAILABLE,"Designed for lightweight cushioning and everyday lifestyle wear, it provides a retro look while ensuring modern durability and flexibility.",4.6,142,"US 7, US 8, US 8.5, US 9, US 9.5, US 10, US 10.5, US 11, US 12",University Blue,Women,2026-05-24 23:19:22,2026-05-24 23:19:22
SP2112,Jordan Trunner FlowMen's Shoes,Jordan,Sneakers,2470000.0,2820000.0,"https://static.nike.com/a/images/t_web_pw_592_v2/f_auto/u_126ab356-44d8-4a06-89b4-fcdcc8df0245,c_scale,fl_relative,w_1.0,h_1.0,fl_layer_apply/4cfa9dde-9d54-4a8f-a787-704131eb6aba/JORDAN+TRUNNER+FLOW.png",83,AVAILABLE,"Featuring premium materials and signature Jordan design details, this sneaker delivers excellent impact protection and unmatched comfort.",4.6,5,"US 7, US 8, US 8.5, US 9, US 9.5, US 10, US 10.5, US 11, US 12",Cream/Sand,Men,2026-05-24 23:19:22,2026-05-24 23:19:22
SP2113,Jordan Son of Mars LowMen's Shoe,Jordan,Sneakers,4290000.0,5230000.0,"https://static.nike.com/a/images/t_web_pw_592_v2/f_auto/u_126ab356-44d8-4a06-89b4-fcdcc8df0245,c_scale,fl_relative,w_1.0,h_1.0,fl_layer_apply/8ae90543-804b-455e-bdc6-aea319a71dc9/JORDAN+SON+OF+MARS+LOW.png",16,AVAILABLE,"A historic Jordan silhouette reimagined with a modern aesthetic, it showcases classic color-blocking that elevates any casual outfit.",4.5,7,"US 7, US 8, US 8.5, US 9, US 9.5, US 10, US 10.5, US 11, US 12",Light Bone,Men,2026-05-24 23:19:22,2026-05-24 23:19:22
SP2114,Jordan TriangleBasketball Shoes,Jordan,Sneakers,3770000.0,,"https://static.nike.com/a/images/t_web_pw_592_v2/f_auto/u_126ab356-44d8-4a06-89b4-fcdcc8df0245,c_scale,fl_relative,w_1.0,h_1.0,fl_layer_apply/512a0ab8-0a93-4c6b-a0b8-118a4f6c9acd/JORDAN+TRIANGLE.png",87,AVAILABLE,"Designed for lightweight cushioning and everyday lifestyle wear, it provides a retro look while ensuring modern durability and flexibility.",4.7,134,"US 7, US 8, US 8.5, US 9, US 9.5, US 10, US 10.5, US 11, US 12",Navy/White,Unisex,2026-05-24 23:19:22,2026-05-24 23:19:22
SP2115,Jordan Tiempo Maestro Elite SEFirm-Ground Low-Top Soccer Cleats,Jordan,Clothing,7150000.0,9050000.0,"https://static.nike.com/a/images/t_web_pw_592_v2/f_auto/u_126ab356-44d8-4a06-89b4-fcdcc8df0245,c_scale,fl_relative,w_1.0,h_1.0,fl_layer_apply/16efd4f1-0df7-4075-bbd6-ad1f4e02b52a/TIEMPO+MAESTRO+ELITE+FG+SE.png",112,AVAILABLE,"A historic Jordan silhouette reimagined with a modern aesthetic, it showcases classic color-blocking that elevates any casual outfit.",4.4,39,"US 7, US 8, US 8.5, US 9, US 9.5, US 10, US 10.5, US 11, US 12",Black/White,Unisex,2026-05-24 23:19:22,2026-05-24 23:19:22
SP2116,Jordan Tiempo Streetgato SEIndoor/Court Low-Top Soccer Shoes,Jordan,Clothing,3250000.0,4000000.0,"https://static.nike.com/a/images/t_web_pw_592_v2/f_auto/u_126ab356-44d8-4a06-89b4-fcdcc8df0245,c_scale,fl_relative,w_1.0,h_1.0,fl_layer_apply/c274d855-ce57-4744-9f46-d4659cfaa020/TIEMPO+STREETGATO+SE.png",81,AVAILABLE,"Crafted with durable uppers and specialized traction, this Jordan release blends legendary sportswear history with contemporary performance.",4.5,33,"US 7, US 8, US 8.5, US 9, US 9.5, US 10, US 10.5, US 11, US 12",Red/White,Unisex,2026-05-24 23:19:22,2026-05-24 23:19:22
SP2117,Jordan Spizike GGolf Shoes,Jordan,Sneakers,5070000.0,,"https://static.nike.com/a/images/t_web_pw_592_v2/f_auto/u_126ab356-44d8-4a06-89b4-fcdcc8df0245,c_scale,fl_relative,w_1.0,h_1.0,fl_layer_apply/e010bd2b-843c-4d6e-892d-27fb0c8ae78f/JORDAN+SPIZIKE+G.png",77,AVAILABLE,"A historic Jordan silhouette reimagined with a modern aesthetic, it showcases classic color-blocking that elevates any casual outfit.",4.8,94,"US 7, US 8, US 8.5, US 9, US 9.5, US 10, US 10.5, US 11, US 12",Red/White,Unisex,2026-05-24 23:19:22,2026-05-24 23:19:22
SP2118,Jordan Sixty Plus LowMen's Shoes,Jordan,Sneakers,4160000.0,4710000.0,"https://static.nike.com/a/images/t_web_pw_592_v2/f_auto/u_126ab356-44d8-4a06-89b4-fcdcc8df0245,c_scale,fl_relative,w_1.0,h_1.0,fl_layer_apply/5c822c99-09e6-46c1-8356-0ff13f780353/JORDAN+SIXTY+PLUS+LOW.png",58,AVAILABLE,"Crafted with durable uppers and specialized traction, this Jordan release blends legendary sportswear history with contemporary performance.",4.5,131,"US 7, US 8, US 8.5, US 9, US 9.5, US 10, US 10.5, US 11, US 12",University Blue,Men,2026-05-24 23:19:22,2026-05-24 23:19:22
SP2119,Jordan Legacy 312 Low TDMen's Shoes,Jordan,Sneakers,3510000.0,4030000.0,"https://static.nike.com/a/images/t_web_pw_592_v2/f_auto/u_126ab356-44d8-4a06-89b4-fcdcc8df0245,c_scale,fl_relative,w_1.0,h_1.0,fl_layer_apply/5069c52e-3f0e-4a99-b1e1-59da445e7883/JORDAN+LEGACY+312+LOW+TD.png",29,AVAILABLE,"Designed for lightweight cushioning and everyday lifestyle wear, it provides a retro look while ensuring modern durability and flexibility.",4.5,21,"US 7, US 8, US 8.5, US 9, US 9.5, US 10, US 10.5, US 11, US 12",Shadow,Men,2026-05-24 23:19:22,2026-05-24 23:19:22
SP2120,Air Jordan 1 LowMen's Shoes,Jordan,Sneakers,3120000.0,,"https://static.nike.com/a/images/t_web_pw_592_v2/f_auto/u_126ab356-44d8-4a06-89b4-fcdcc8df0245,c_scale,fl_relative,w_1.0,h_1.0,fl_layer_apply/d954b919-bc4f-4154-95ce-7d5a32e8a4ee/AIR+JORDAN+1+LOW.png",118,AVAILABLE,"Engineered with a responsive midsole system and secure support, this Jordan sneaker is a great choice for enthusiasts.",4.6,48,"US 7, US 8, US 8.5, US 9, US 9.5, US 10, US 10.5, US 11, US 12",Varsity Red/Black,Men,2026-05-24 23:19:22,2026-05-24 23:19:22
SP2121,Air Jordan MuleGolf Shoes,Jordan,Sneakers,2990000.0,,"https://static.nike.com/a/images/t_web_pw_592_v2/f_auto/u_126ab356-44d8-4a06-89b4-fcdcc8df0245,c_scale,fl_relative,w_1.0,h_1.0,fl_layer_apply/c1cf2f88-55de-4350-8699-ede463aa67a4/AIR+JORDAN+MULE.png",98,AVAILABLE,"Engineered with a responsive midsole system and secure support, this Jordan sneaker is a great choice for enthusiasts.",4.9,65,"US 7, US 8, US 8.5, US 9, US 9.5, US 10, US 10.5, US 11, US 12",Sail/Navy,Unisex,2026-05-24 23:19:22,2026-05-24 23:19:22
SP2122,Jordan Trunner O/SMen's Shoes,Jordan,Sneakers,2990000.0,3600000.0,"https://static.nike.com/a/images/t_web_pw_592_v2/f_auto/u_126ab356-44d8-4a06-89b4-fcdcc8df0245,c_scale,fl_relative,w_1.0,h_1.0,fl_layer_apply/b80cb74d-decb-46d6-a724-b3b0123727b2/JORDAN+TRUNNER+O%2FS.png",33,AVAILABLE,"Engineered with a responsive midsole system and secure support, this Jordan sneaker is a great choice for enthusiasts.",4.5,90,"US 7, US 8, US 8.5, US 9, US 9.5, US 10, US 10.5, US 11, US 12",Triple Black,Men,2026-05-24 23:19:22,2026-05-24 23:19:22
SP2123,Jordan Spizike LowWomen's Shoes,Jordan,Sneakers,4290000.0,5170000.0,"https://static.nike.com/a/images/t_web_pw_592_v2/f_auto/u_126ab356-44d8-4a06-89b4-fcdcc8df0245,c_scale,fl_relative,w_1.0,h_1.0,fl_layer_apply/c5da086e-1d72-4dd4-bc3c-36a693899a31/WMNS+JORDAN+SPIZIKE+LOW.png",89,AVAILABLE,"Designed for lightweight cushioning and everyday lifestyle wear, it provides a retro look while ensuring modern durability and flexibility.",4.8,49,"US 7, US 8, US 8.5, US 9, US 9.5, US 10, US 10.5, US 11, US 12",White/Black,Women,2026-05-24 23:19:22,2026-05-24 23:19:22
SP2124,Jordan 1 Mid TDMen's Football Cleat,Jordan,Sneakers,4030000.0,,"https://static.nike.com/a/images/t_web_pw_592_v2/f_auto/u_126ab356-44d8-4a06-89b4-fcdcc8df0245,c_scale,fl_relative,w_1.0,h_1.0,fl_layer_apply/4feab004-9538-4c94-8632-d8ad69c1a6e5/JORDAN+1+MID+TD.png",112,AVAILABLE,"Crafted with durable uppers and specialized traction, this Jordan release blends legendary sportswear history with contemporary performance.",4.8,7,"US 7, US 8, US 8.5, US 9, US 9.5, US 10, US 10.5, US 11, US 12",Blue/White,Men,2026-05-24 23:19:22,2026-05-24 23:19:22
SP2125,Jordan 1 Low TDMen's Football Cleat,Jordan,Sneakers,3770000.0,,"https://static.nike.com/a/images/t_web_pw_592_v2/f_auto/u_126ab356-44d8-4a06-89b4-fcdcc8df0245,c_scale,fl_relative,w_1.0,h_1.0,fl_layer_apply/bd96215e-b60f-47b1-820c-4545dc567b1a/JORDAN+1+LOW+TD.png",27,AVAILABLE,"Crafted with durable uppers and specialized traction, this Jordan release blends legendary sportswear history with contemporary performance.",4.7,133,"US 7, US 8, US 8.5, US 9, US 9.5, US 10, US 10.5, US 11, US 12",Cream/Sand,Men,2026-05-24 23:19:22,2026-05-24 23:19:22
SP2126,Air Jordan 1 Low G SpikedGolf Shoes,Jordan,Sneakers,4550000.0,5620000.0,"https://static.nike.com/a/images/t_web_pw_592_v2/f_auto/u_126ab356-44d8-4a06-89b4-fcdcc8df0245,c_scale,fl_relative,w_1.0,h_1.0,fl_layer_apply/c72948fa-c0d9-4cb7-b009-8cf94b1f5fae/AIR+JORDAN+1+LOW+G+SPK.png",35,AVAILABLE,"Crafted with durable uppers and specialized traction, this Jordan release blends legendary sportswear history with contemporary performance.",4.3,73,"US 7, US 8, US 8.5, US 9, US 9.5, US 10, US 10.5, US 11, US 12",Triple Black,Women,2026-05-24 23:19:22,2026-05-24 23:19:22
SP2127,"Luka 5 ""Luka Lifestyle""Basketball Shoes",Nike,Sneakers,3510000.0,,"https://static.nike.com/a/images/t_web_pw_592_v2/f_auto/u_126ab356-44d8-4a06-89b4-fcdcc8df0245,c_scale,fl_relative,w_1.0,h_1.0,fl_layer_apply/07b47be3-a57e-41ec-82fa-e20e9a81e3f0/JORDAN+LUKA+5+LIFE.png",50,AVAILABLE,"Crafted with durable uppers and specialized traction, this Nike release blends legendary sportswear history with contemporary performance.",4.6,53,"US 7, US 8, US 8.5, US 9, US 9.5, US 10, US 10.5, US 11, US 12",Varsity Red/Black,Unisex,2026-05-24 23:19:22,2026-05-24 23:19:22
SP2128,"Jordan Heir Series 2 ""Oh Sheila""Women's Basketball Shoes",Jordan,Sneakers,3120000.0,,"https://static.nike.com/a/images/t_web_pw_592_v2/f_auto/u_126ab356-44d8-4a06-89b4-fcdcc8df0245,c_scale,fl_relative,w_1.0,h_1.0,fl_layer_apply/c971ed2d-5b91-4c38-aae6-873d9c1c01c8/WMNS+JORDAN+HEIR+SERIES+2+WNBA.png",28,AVAILABLE,"A historic Jordan silhouette reimagined with a modern aesthetic, it showcases classic color-blocking that elevates any casual outfit.",4.8,134,"US 7, US 8, US 8.5, US 9, US 9.5, US 10, US 10.5, US 11, US 12",Varsity Red/Black,Women,2026-05-24 23:19:22,2026-05-24 23:19:22
SP2129,Air Jordan 4 RMMen's Shoes,Jordan,Sneakers,4030000.0,4590000.0,"https://static.nike.com/a/images/t_web_pw_592_v2/f_auto/u_126ab356-44d8-4a06-89b4-fcdcc8df0245,c_scale,fl_relative,w_1.0,h_1.0,fl_layer_apply/07ca000a-32fc-4f05-87a8-c84184dbc915/AIR+JORDAN+4+RM.png",111,AVAILABLE,"Featuring premium materials and signature Jordan design details, this sneaker delivers excellent impact protection and unmatched comfort.",4.5,32,"US 7, US 8, US 8.5, US 9, US 9.5, US 10, US 10.5, US 11, US 12",Multi-Color,Men,2026-05-24 23:19:22,2026-05-24 23:19:22
SP2130,"Air Jordan 5 Retro OG ""White Metallic""Men's Basketball Shoes",Jordan,Sneakers,5590000.0,,"https://static.nike.com/a/images/t_web_pw_592_v2/f_auto/u_126ab356-44d8-4a06-89b4-fcdcc8df0245,c_scale,fl_relative,w_1.0,h_1.0,fl_layer_apply/1239e8e9-f586-46f3-b9dc-cb67d029368c/AIR+JORDAN+5+RETRO+OG.png",95,AVAILABLE,"A historic Jordan silhouette reimagined with a modern aesthetic, it showcases classic color-blocking that elevates any casual outfit.",4.4,146,"US 7, US 8, US 8.5, US 9, US 9.5, US 10, US 10.5, US 11, US 12",Blue/White,Men,2026-05-24 23:19:22,2026-05-24 23:19:22
SP2131,Air Jordan 1 Low SEMen's Shoes,Jordan,Sneakers,3380000.0,,"https://static.nike.com/a/images/t_web_pw_592_v2/f_auto/u_126ab356-44d8-4a06-89b4-fcdcc8df0245,c_scale,fl_relative,w_1.0,h_1.0,fl_layer_apply/85724fcf-c498-4b6d-a5e3-a6d8b751429f/AIR+JORDAN+1+LOW+SE.png",83,AVAILABLE,"Featuring premium materials and signature Jordan design details, this sneaker delivers excellent impact protection and unmatched comfort.",4.9,110,"US 7, US 8, US 8.5, US 9, US 9.5, US 10, US 10.5, US 11, US 12",Cream/Sand,Men,2026-05-24 23:19:22,2026-05-24 23:19:22
SP2132,Nike Pegasus 42Men's Road Running Shoes,Nike,Sneakers,4030000.0,,"https://static.nike.com/a/images/t_web_pw_592_v2/f_auto/u_9ddf04c7-2a9a-4d76-add1-d15af8f0263d,c_scale,fl_relative,w_1.0,h_1.0,fl_layer_apply/fe71728c-684e-4826-a075-6df2dc4a0a25/AIR+ZOOM+PEGASUS+42+DSRPT.png",59,AVAILABLE,"Crafted with durable uppers and specialized traction, this Nike release blends legendary sportswear history with contemporary performance.",4.8,43,"US 7, US 8, US 8.5, US 9, US 9.5, US 10, US 10.5, US 11, US 12",Volt/Black,Men,2026-05-24 23:19:22,2026-05-24 23:19:22
SP2133,Nike Vomero PlusMen's Road Running Shoes,Nike,Sneakers,4680000.0,5740000.0,"https://static.nike.com/a/images/t_web_pw_592_v2/f_auto/u_9ddf04c7-2a9a-4d76-add1-d15af8f0263d,c_scale,fl_relative,w_1.0,h_1.0,fl_layer_apply/8777f501-1c09-4327-be4a-f5b636813a71/NIKE+VOMERO+PLUS.png",28,AVAILABLE,"Crafted with durable uppers and specialized traction, this Nike release blends legendary sportswear history with contemporary performance.",4.4,71,"US 7, US 8, US 8.5, US 9, US 9.5, US 10, US 10.5, US 11, US 12",Shadow,Men,2026-05-24 23:19:22,2026-05-24 23:19:22
SP2134,Nike Vomero 18Men's Road Running Shoes,Nike,Sneakers,4030000.0,,"https://static.nike.com/a/images/t_web_pw_592_v2/f_auto/u_9ddf04c7-2a9a-4d76-add1-d15af8f0263d,c_scale,fl_relative,w_1.0,h_1.0,fl_layer_apply/a3a48123-513c-4a5e-9d5a-2eb8d969dcd9/NIKE+VOMERO+18.png",33,AVAILABLE,"Engineered with a responsive midsole system and secure support, this Nike sneaker is a great choice for enthusiasts.",4.3,60,"US 7, US 8, US 8.5, US 9, US 9.5, US 10, US 10.5, US 11, US 12",Grey/White,Men,2026-05-24 23:19:22,2026-05-24 23:19:22
SP2135,Nike Structure PlusMen's Road Running Shoes,Nike,Sneakers,4420000.0,,"https://static.nike.com/a/images/t_web_pw_592_v2/f_auto/u_9ddf04c7-2a9a-4d76-add1-d15af8f0263d,c_scale,fl_relative,w_1.0,h_1.0,fl_layer_apply/d849d676-5f95-4822-8b04-eeea82e5fba0/NIKE+STRUCTURE+PLUS.png",60,AVAILABLE,"A historic Nike silhouette reimagined with a modern aesthetic, it showcases classic color-blocking that elevates any casual outfit.",4.3,111,"US 7, US 8, US 8.5, US 9, US 9.5, US 10, US 10.5, US 11, US 12",Multi-Color,Men,2026-05-24 23:19:22,2026-05-24 23:19:22
SP2136,Nike Structure 26Men's Road Running Shoes,Nike,Sneakers,3770000.0,,"https://static.nike.com/a/images/t_web_pw_592_v2/f_auto/u_9ddf04c7-2a9a-4d76-add1-d15af8f0263d,c_scale,fl_relative,w_1.0,h_1.0,fl_layer_apply/d80c47ad-8c83-49c5-9e2a-22dc5dda18df/NIKE+STRUCTURE+26.png",43,AVAILABLE,"Featuring premium materials and signature Nike design details, this sneaker delivers excellent impact protection and unmatched comfort.",4.7,94,"US 7, US 8, US 8.5, US 9, US 9.5, US 10, US 10.5, US 11, US 12",Grey/White,Men,2026-05-24 23:19:22,2026-05-24 23:19:22
SP2137,Nike ACG Ultrafly TrailTrail Racing Shoes,Nike,Sneakers,6760000.0,,"https://static.nike.com/a/images/t_web_pw_592_v2/f_auto/u_9ddf04c7-2a9a-4d76-add1-d15af8f0263d,c_scale,fl_relative,w_1.0,h_1.0,fl_layer_apply/f29ad5d5-c0a3-4601-a6d0-5511d3acfd59/NIKE+ACG+ULTRAFLY+TRAIL.png",115,AVAILABLE,"Featuring premium materials and signature Nike design details, this sneaker delivers excellent impact protection and unmatched comfort.",4.8,105,"US 7, US 8, US 8.5, US 9, US 9.5, US 10, US 10.5, US 11, US 12",Blue/White,Men,2026-05-24 23:19:22,2026-05-24 23:19:22
SP2138,Nike Kiger 10Trail Running Shoes,Nike,Sneakers,4420000.0,,"https://static.nike.com/a/images/t_web_pw_592_v2/f_auto/u_9ddf04c7-2a9a-4d76-add1-d15af8f0263d,c_scale,fl_relative,w_1.0,h_1.0,fl_layer_apply/bd6c578b-0a45-4099-9ff1-6140b1a56a07/NIKE+TERRA+KIGER+10.png",57,AVAILABLE,"Featuring premium materials and signature Nike design details, this sneaker delivers excellent impact protection and unmatched comfort.",4.7,79,"US 7, US 8, US 8.5, US 9, US 9.5, US 10, US 10.5, US 11, US 12",Black/White,Men,2026-05-24 23:19:22,2026-05-24 23:19:22
SP2139,Nike Pegasus PlusMen's Road Running Shoes,Nike,Sneakers,4940000.0,5670000.0,"https://static.nike.com/a/images/t_web_pw_592_v2/f_auto/u_9ddf04c7-2a9a-4d76-add1-d15af8f0263d,c_scale,fl_relative,w_1.0,h_1.0,fl_layer_apply/fb14e7b5-379b-4efe-bd80-0a9031980191/PEGASUS+PLUS.png",115,AVAILABLE,"Featuring premium materials and signature Nike design details, this sneaker delivers excellent impact protection and unmatched comfort.",4.4,88,"US 7, US 8, US 8.5, US 9, US 9.5, US 10, US 10.5, US 11, US 12",Grey Castlerock,Men,2026-05-24 23:19:22,2026-05-24 23:19:22
SP2140,Nike Alphafly 3Men's Road Racing Shoes,Nike,Sneakers,7670000.0,,"https://static.nike.com/a/images/t_web_pw_592_v2/f_auto/u_9ddf04c7-2a9a-4d76-add1-d15af8f0263d,c_scale,fl_relative,w_1.0,h_1.0,fl_layer_apply/033c00fe-c615-40b8-8e82-fc6e09e14c36/AIR+ZOOM+ALPHAFLY+NEXT%25+3.png",83,AVAILABLE,"A historic Nike silhouette reimagined with a modern aesthetic, it showcases classic color-blocking that elevates any casual outfit.",4.4,43,"US 7, US 8, US 8.5, US 9, US 9.5, US 10, US 10.5, US 11, US 12",Olive/Gum,Men,2026-05-24 23:19:22,2026-05-24 23:19:22
SP2141,Nike Vaporfly 4Men's Road Racing Shoes,Nike,Sneakers,7020000.0,,"https://static.nike.com/a/images/t_web_pw_592_v2/f_auto/u_9ddf04c7-2a9a-4d76-add1-d15af8f0263d,c_scale,fl_relative,w_1.0,h_1.0,fl_layer_apply/80c08194-8ae0-42c3-a878-531a2c730f7b/ZOOMX+VAPORFLY+NEXT%25+4.png",88,AVAILABLE,"A historic Nike silhouette reimagined with a modern aesthetic, it showcases classic color-blocking that elevates any casual outfit.",4.4,143,"US 7, US 8, US 8.5, US 9, US 9.5, US 10, US 10.5, US 11, US 12",Triple White,Men,2026-05-24 23:19:22,2026-05-24 23:19:22
SP2142,Nike Zoom Fly 6Men's Road Racing Shoes,Nike,Sneakers,4680000.0,5960000.0,"https://static.nike.com/a/images/t_web_pw_592_v2/f_auto/u_9ddf04c7-2a9a-4d76-add1-d15af8f0263d,c_scale,fl_relative,w_1.0,h_1.0,fl_layer_apply/cc0705f3-b673-4a13-ae5b-4a0de4f5793b/ZOOM+FLY+6.png",39,AVAILABLE,"Engineered with a responsive midsole system and secure support, this Nike sneaker is a great choice for enthusiasts.",4.8,137,"US 7, US 8, US 8.5, US 9, US 9.5, US 10, US 10.5, US 11, US 12",Blue/White,Men,2026-05-24 23:19:22,2026-05-24 23:19:22
SP2143,Nike Streakfly 2Road Racing Shoes,Nike,Sneakers,4940000.0,5800000.0,"https://static.nike.com/a/images/t_web_pw_592_v2/f_auto/u_9ddf04c7-2a9a-4d76-add1-d15af8f0263d,c_scale,fl_relative,w_1.0,h_1.0,fl_layer_apply/be148d25-78b5-4323-96a5-9c0bf74eaf28/ZOOMX+STREAKFLY+2.png",69,AVAILABLE,"Designed for lightweight cushioning and everyday lifestyle wear, it provides a retro look while ensuring modern durability and flexibility.",4.3,129,"US 7, US 8, US 8.5, US 9, US 9.5, US 10, US 10.5, US 11, US 12",Navy/White,Unisex,2026-05-24 23:19:22,2026-05-24 23:19:22
SP2144,Nike Zoom Rival Fly 4Road Racing Shoes,Nike,Sneakers,2730000.0,,"https://static.nike.com/a/images/t_web_pw_592_v2/f_auto/u_9ddf04c7-2a9a-4d76-add1-d15af8f0263d,c_scale,fl_relative,w_1.0,h_1.0,fl_layer_apply/1f49fe14-ecd4-4e30-b7f3-4f001e87c97b/NIKE+AIR+ZOOM+RIVAL+FLY+4.png",49,AVAILABLE,"Engineered with a responsive midsole system and secure support, this Nike sneaker is a great choice for enthusiasts.",4.6,116,"US 7, US 8, US 8.5, US 9, US 9.5, US 10, US 10.5, US 11, US 12",White/Black,Men,2026-05-24 23:19:22,2026-05-24 23:19:22
SP2145,Nike Pegasus 41Men's Realtree® Road Running Shoes,Nike,Sneakers,4030000.0,,"https://static.nike.com/a/images/t_web_pw_592_v2/f_auto/u_9ddf04c7-2a9a-4d76-add1-d15af8f0263d,c_scale,fl_relative,w_1.0,h_1.0,fl_layer_apply/995e6b4a-c48e-4caa-8a9e-a67ccee14253/AIR+ZOOM+PEGASUS+41+CM.png",33,AVAILABLE,"Engineered with a responsive midsole system and secure support, this Nike sneaker is a great choice for enthusiasts.",4.3,47,"US 7, US 8, US 8.5, US 9, US 9.5, US 10, US 10.5, US 11, US 12",Shadow,Men,2026-05-24 23:19:22,2026-05-24 23:19:22
SP2146,Nike Pegasus 41 GORE-TEXMen's Waterproof Road Running Shoes,Nike,Sneakers,4420000.0,,"https://static.nike.com/a/images/t_web_pw_592_v2/f_auto/u_9ddf04c7-2a9a-4d76-add1-d15af8f0263d,c_scale,fl_relative,w_1.0,h_1.0,fl_layer_apply/484ff28a-44e3-4530-8299-c32bc4a6073b/AIR+ZM+PEGASUS+41+GTX.png",95,AVAILABLE,"Designed for lightweight cushioning and everyday lifestyle wear, it provides a retro look while ensuring modern durability and flexibility.",4.3,116,"US 7, US 8, US 8.5, US 9, US 9.5, US 10, US 10.5, US 11, US 12",Red/White,Men,2026-05-24 23:19:22,2026-05-24 23:19:22
SP2147,Nike Pegasus Trail 5 GORE-TEXMen's Waterproof Trail Running Shoes,Nike,Sneakers,4680000.0,,"https://static.nike.com/a/images/t_web_pw_592_v2/f_auto/u_9ddf04c7-2a9a-4d76-add1-d15af8f0263d,c_scale,fl_relative,w_1.0,h_1.0,fl_layer_apply/17766e2c-20e5-4c47-8311-493f1b1ec986/NIKE+PEGASUS+TRAIL+5+GTX.png",118,AVAILABLE,"Engineered with a responsive midsole system and secure support, this Nike sneaker is a great choice for enthusiasts.",4.6,150,"US 7, US 8, US 8.5, US 9, US 9.5, US 10, US 10.5, US 11, US 12",Bred,Men,2026-05-24 23:19:22,2026-05-24 23:19:22
SP2148,Nike Wildhorse 10Men's Trail Running Shoes,Nike,Sneakers,4290000.0,,"https://static.nike.com/a/images/t_web_pw_592_v2/f_auto/u_9ddf04c7-2a9a-4d76-add1-d15af8f0263d,c_scale,fl_relative,w_1.0,h_1.0,fl_layer_apply/5978865c-fe61-4fce-9984-18075b933e03/NIKE+REACTX+WILDHORSE+10.png",92,AVAILABLE,"Designed for lightweight cushioning and everyday lifestyle wear, it provides a retro look while ensuring modern durability and flexibility.",4.4,30,"US 7, US 8, US 8.5, US 9, US 9.5, US 10, US 10.5, US 11, US 12",Red/White,Men,2026-05-24 23:19:22,2026-05-24 23:19:22
SP2149,Nike Winflo 12Men's Road Running Shoes,Nike,Sneakers,2860000.0,,"https://static.nike.com/a/images/t_web_pw_592_v2/f_auto/u_9ddf04c7-2a9a-4d76-add1-d15af8f0263d,c_scale,fl_relative,w_1.0,h_1.0,fl_layer_apply/1f5946a0-c0e5-4c75-8d43-e3635d8bcb16/NIKE+AIR+WINFLO+12.png",84,AVAILABLE,"Designed for lightweight cushioning and everyday lifestyle wear, it provides a retro look while ensuring modern durability and flexibility.",4.3,149,"US 7, US 8, US 8.5, US 9, US 9.5, US 10, US 10.5, US 11, US 12",Shadow,Men,2026-05-24 23:19:22,2026-05-24 23:19:22
SP2150,Nike Downshifter 14Men's Road Running Shoe,Nike,Sneakers,2080000.0,,"https://static.nike.com/a/images/t_web_pw_592_v2/f_auto/u_9ddf04c7-2a9a-4d76-add1-d15af8f0263d,c_scale,fl_relative,w_1.0,h_1.0,fl_layer_apply/efed02e5-92b7-4ea0-9113-1638fd215259/NIKE+DOWNSHIFTER+14.png",95,AVAILABLE,"Designed for lightweight cushioning and everyday lifestyle wear, it provides a retro look while ensuring modern durability and flexibility.",4.5,124,"US 7, US 8, US 8.5, US 9, US 9.5, US 10, US 10.5, US 11, US 12",Black/White,Men,2026-05-24 23:19:22,2026-05-24 23:19:22
SP2151,Nike Revolution 8Men's Road Running Shoes,Nike,Sneakers,1950000.0,2390000.0,"https://static.nike.com/a/images/t_web_pw_592_v2/f_auto/u_9ddf04c7-2a9a-4d76-add1-d15af8f0263d,c_scale,fl_relative,w_1.0,h_1.0,fl_layer_apply/860b8fef-9d46-4d02-aa0b-0e353708a4e5/NIKE+REVOLUTION+8.png",25,AVAILABLE,"A historic Nike silhouette reimagined with a modern aesthetic, it showcases classic color-blocking that elevates any casual outfit.",4.5,39,"US 7, US 8, US 8.5, US 9, US 9.5, US 10, US 10.5, US 11, US 12",White/Black,Men,2026-05-24 23:19:22,2026-05-24 23:19:22
SP2152,"A'Two ""Still Loading""A'ja Wilson Basketball Shoes",Nike,Sneakers,3770000.0,4610000.0,"https://static.nike.com/a/images/t_web_pw_592_v2/f_auto/u_9ddf04c7-2a9a-4d76-add1-d15af8f0263d,c_scale,fl_relative,w_1.0,h_1.0,fl_layer_apply/2956a453-86f7-4187-a3d1-5b6cbd108261/A%27TWO.png",96,AVAILABLE,"Engineered with a responsive midsole system and secure support, this Nike sneaker is a great choice for enthusiasts.",4.7,149,"US 7, US 8, US 8.5, US 9, US 9.5, US 10, US 10.5, US 11, US 12",Triple Black,Men,2026-05-24 23:19:22,2026-05-24 23:19:22
SP2153,"Sabrina 3 ""Infinite""Basketball Shoes",Nike,Sneakers,3510000.0,4140000.0,"https://static.nike.com/a/images/t_web_pw_592_v2/f_auto/u_9ddf04c7-2a9a-4d76-add1-d15af8f0263d,c_scale,fl_relative,w_1.0,h_1.0,fl_layer_apply/36fa9347-2783-42f6-8096-83f96c1dbd51/SABRINA+3.png",112,AVAILABLE,"Featuring premium materials and signature Nike design details, this sneaker delivers excellent impact protection and unmatched comfort.",4.9,42,"US 7, US 8, US 8.5, US 9, US 9.5, US 10, US 10.5, US 11, US 12",Sail/Navy,Women,2026-05-24 23:19:22,2026-05-24 23:19:22
SP2154,Nike G.T. CutBasketball Shoes,Nike,Sneakers,5200000.0,,"https://static.nike.com/a/images/t_web_pw_592_v2/f_auto/u_9ddf04c7-2a9a-4d76-add1-d15af8f0263d,c_scale,fl_relative,w_1.0,h_1.0,fl_layer_apply/bd23a9a9-ad97-4f77-a714-eb26c567875e/NIKE+AIR+ZOOM+G.T.+CUT.png",113,AVAILABLE,"Featuring premium materials and signature Nike design details, this sneaker delivers excellent impact protection and unmatched comfort.",4.8,133,"US 7, US 8, US 8.5, US 9, US 9.5, US 10, US 10.5, US 11, US 12",White/Black,Unisex,2026-05-24 23:19:22,2026-05-24 23:19:22
SP2155,"Book 2 ""Must Be The Denim""Basketball Shoes",Nike,Sneakers,3770000.0,4490000.0,"https://static.nike.com/a/images/t_web_pw_592_v2/f_auto/u_9ddf04c7-2a9a-4d76-add1-d15af8f0263d,c_scale,fl_relative,w_1.0,h_1.0,fl_layer_apply/78a95be1-f069-4499-bb96-89debbe5f1a9/BOOK+2.png",103,AVAILABLE,"Crafted with durable uppers and specialized traction, this Nike release blends legendary sportswear history with contemporary performance.",4.8,72,"US 7, US 8, US 8.5, US 9, US 9.5, US 10, US 10.5, US 11, US 12",Varsity Red/Black,Unisex,2026-05-24 23:19:22,2026-05-24 23:19:22
SP2156,"LeBron XXIII ""LeBronto""Basketball Shoes",Nike,Sneakers,5460000.0,,"https://static.nike.com/a/images/t_web_pw_592_v2/f_auto/u_9ddf04c7-2a9a-4d76-add1-d15af8f0263d,c_scale,fl_relative,w_1.0,h_1.0,fl_layer_apply/68e682b5-1153-4b23-a0e6-b0052fbf2b58/LEBRON+XXIII.png",49,AVAILABLE,"Featuring premium materials and signature Nike design details, this sneaker delivers excellent impact protection and unmatched comfort.",4.6,74,"US 7, US 8, US 8.5, US 9, US 9.5, US 10, US 10.5, US 11, US 12",Bred,Men,2026-05-24 23:19:22,2026-05-24 23:19:22
SP2157,"KD18 ""Wanda""Basketball Shoes",Nike,Sneakers,4030000.0,,"https://static.nike.com/a/images/t_web_pw_592_v2/f_auto/u_9ddf04c7-2a9a-4d76-add1-d15af8f0263d,c_scale,fl_relative,w_1.0,h_1.0,fl_layer_apply/0f1ae4a1-ef73-467c-b0bc-fd45643dd942/KD18.png",62,AVAILABLE,"Crafted with durable uppers and specialized traction, this Nike release blends legendary sportswear history with contemporary performance.",4.8,13,"US 7, US 8, US 8.5, US 9, US 9.5, US 10, US 10.5, US 11, US 12",Grey Castlerock,Men,2026-05-24 23:19:22,2026-05-24 23:19:22
SP2158,"Giannis Freak 7 ""Fearless""Basketball Shoes",Nike,Sneakers,2990000.0,,"https://static.nike.com/a/images/t_web_pw_592_v2/f_auto/u_9ddf04c7-2a9a-4d76-add1-d15af8f0263d,c_scale,fl_relative,w_1.0,h_1.0,fl_layer_apply/e1623439-eb74-4af1-a2e0-c85ffb56f871/GIANNIS+FREAK+7.png",118,AVAILABLE,"A historic Nike silhouette reimagined with a modern aesthetic, it showcases classic color-blocking that elevates any casual outfit.",4.5,149,"US 7, US 8, US 8.5, US 9, US 9.5, US 10, US 10.5, US 11, US 12",Shadow,Unisex,2026-05-24 23:19:22,2026-05-24 23:19:22
SP2159,Giannis Immortality 5Basketball Shoes,Nike,Sneakers,2210000.0,,"https://static.nike.com/a/images/t_web_pw_592_v2/f_auto/u_9ddf04c7-2a9a-4d76-add1-d15af8f0263d,c_scale,fl_relative,w_1.0,h_1.0,fl_layer_apply/9017df86-25c0-47d5-b9a9-c4bce134d5cd/GIANNIS+IMMORTALITY+5.png",76,AVAILABLE,"Engineered with a responsive midsole system and secure support, this Nike sneaker is a great choice for enthusiasts.",4.9,20,"US 7, US 8, US 8.5, US 9, US 9.5, US 10, US 10.5, US 11, US 12",Light Bone,Women,2026-05-24 23:19:22,2026-05-24 23:19:22
SP2160,LeBron Witness 9Basketball Shoes,Nike,Sneakers,2730000.0,,"https://static.nike.com/a/images/t_web_pw_592_v2/f_auto/u_9ddf04c7-2a9a-4d76-add1-d15af8f0263d,c_scale,fl_relative,w_1.0,h_1.0,fl_layer_apply/5a5dd2c0-4cbc-4c2a-859b-563848d82b77/LEBRON+WITNESS+IX.png",82,AVAILABLE,"Crafted with durable uppers and specialized traction, this Nike release blends legendary sportswear history with contemporary performance.",4.4,89,"US 7, US 8, US 8.5, US 9, US 9.5, US 10, US 10.5, US 11, US 12",Shadow,Unisex,2026-05-24 23:19:22,2026-05-24 23:19:22
SP2161,Nike G.T. Cut Academy 2Basketball Shoes,Nike,Sneakers,2470000.0,3050000.0,"https://static.nike.com/a/images/t_web_pw_592_v2/f_auto/u_9ddf04c7-2a9a-4d76-add1-d15af8f0263d,c_scale,fl_relative,w_1.0,h_1.0,fl_layer_apply/817d7871-df54-4601-9037-47490c837b9c/AIR+ZOOM+G.T.+CUT+ACADEMY+2.png",105,AVAILABLE,"Crafted with durable uppers and specialized traction, this Nike release blends legendary sportswear history with contemporary performance.",4.9,69,"US 7, US 8, US 8.5, US 9, US 9.5, US 10, US 10.5, US 11, US 12",Red/White,Unisex,2026-05-24 23:19:22,2026-05-24 23:19:22
SP2162,Nike Precision 8 LowMen's Basketball Shoes,Nike,Sneakers,1950000.0,2260000.0,"https://static.nike.com/a/images/t_web_pw_592_v2/f_auto/u_9ddf04c7-2a9a-4d76-add1-d15af8f0263d,c_scale,fl_relative,w_1.0,h_1.0,fl_layer_apply/adbabf99-f092-4273-a435-23b3e416eddb/NIKE+PRECISION+8+LOW.png",66,AVAILABLE,"Crafted with durable uppers and specialized traction, this Nike release blends legendary sportswear history with contemporary performance.",4.6,79,"US 7, US 8, US 8.5, US 9, US 9.5, US 10, US 10.5, US 11, US 12",Blue/White,Men,2026-05-24 23:19:22,2026-05-24 23:19:22
SP2163,Nike Precision 8 MIDMen's Basketball Shoes,Nike,Sneakers,2080000.0,2390000.0,"https://static.nike.com/a/images/t_web_pw_592_v2/f_auto/u_9ddf04c7-2a9a-4d76-add1-d15af8f0263d,c_scale,fl_relative,w_1.0,h_1.0,fl_layer_apply/a25d342a-52cf-4288-a502-6388f9026d59/NIKE+PRECISION+8+MID.png",76,AVAILABLE,"Crafted with durable uppers and specialized traction, this Nike release blends legendary sportswear history with contemporary performance.",4.9,78,"US 7, US 8, US 8.5, US 9, US 9.5, US 10, US 10.5, US 11, US 12",Sail/Navy,Men,2026-05-24 23:19:22,2026-05-24 23:19:22
SP2164,Luka 5Basketball Shoes,Nike,Sneakers,3510000.0,,"https://static.nike.com/a/images/t_web_pw_592_v2/f_auto/u_126ab356-44d8-4a06-89b4-fcdcc8df0245,c_scale,fl_relative,w_1.0,h_1.0,fl_layer_apply/7c13d62f-b0ed-4407-b9a3-9db20032a873/JORDAN+LUKA+5+FAM.png",40,AVAILABLE,"A historic Nike silhouette reimagined with a modern aesthetic, it showcases classic color-blocking that elevates any casual outfit.",4.7,118,"US 7, US 8, US 8.5, US 9, US 9.5, US 10, US 10.5, US 11, US 12",Navy/White,Men,2026-05-24 23:19:22,2026-05-24 23:19:22
SP2165,Air Jordan 40Basketball Shoes,Jordan,Sneakers,5330000.0,,"https://static.nike.com/a/images/t_web_pw_592_v2/f_auto/u_126ab356-44d8-4a06-89b4-fcdcc8df0245,c_scale,fl_relative,w_1.0,h_1.0,fl_layer_apply/cb37f09b-8043-4c45-8a0b-0187b9473928/AIR+JORDAN+40+SL.png",120,AVAILABLE,"A historic Jordan silhouette reimagined with a modern aesthetic, it showcases classic color-blocking that elevates any casual outfit.",4.5,36,"US 7, US 8, US 8.5, US 9, US 9.5, US 10, US 10.5, US 11, US 12",Bred,Unisex,2026-05-24 23:19:22,2026-05-24 23:19:22
SP2166,"Tatum 4 ""Smooth Soul Vol.2""Basketball Shoes",Nike,Sneakers,3380000.0,,"https://static.nike.com/a/images/t_web_pw_592_v2/f_auto/u_126ab356-44d8-4a06-89b4-fcdcc8df0245,c_scale,fl_relative,w_1.0,h_1.0,fl_layer_apply/d41250a9-0390-4f08-958f-bdd6c3933580/JORDAN+TATUM+4+LEA.png",32,AVAILABLE,"A historic Nike silhouette reimagined with a modern aesthetic, it showcases classic color-blocking that elevates any casual outfit.",4.8,23,"US 7, US 8, US 8.5, US 9, US 9.5, US 10, US 10.5, US 11, US 12",Navy/White,Men,2026-05-24 23:19:22,2026-05-24 23:19:22
SP2167,Luka 77Basketball Shoes,Nike,Sneakers,2730000.0,,"https://static.nike.com/a/images/t_web_pw_592_v2/f_auto/u_126ab356-44d8-4a06-89b4-fcdcc8df0245,c_scale,fl_relative,w_1.0,h_1.0,fl_layer_apply/c75672d5-a1f2-485b-83af-6d6c837a5481/JORDAN+LUKA+77.png",113,AVAILABLE,"Designed for lightweight cushioning and everyday lifestyle wear, it provides a retro look while ensuring modern durability and flexibility.",4.3,112,"US 7, US 8, US 8.5, US 9, US 9.5, US 10, US 10.5, US 11, US 12",Blue/White,Unisex,2026-05-24 23:19:22,2026-05-24 23:19:22
SP2168,Jordan Heir Series 2Women's Basketball Shoes,Jordan,Sneakers,2990000.0,,"https://static.nike.com/a/images/t_web_pw_592_v2/f_auto/u_126ab356-44d8-4a06-89b4-fcdcc8df0245,c_scale,fl_relative,w_1.0,h_1.0,fl_layer_apply/09a6d8dc-9bd4-477f-9ab8-e2e3cf20a035/WMNS+JORDAN+HEIR+SERIES+2.png",34,AVAILABLE,"Designed for lightweight cushioning and everyday lifestyle wear, it provides a retro look while ensuring modern durability and flexibility.",4.5,96,"US 7, US 8, US 8.5, US 9, US 9.5, US 10, US 10.5, US 11, US 12",Olive/Gum,Women,2026-05-24 23:19:22,2026-05-24 23:19:22
SP2169,Tatum 4 SEBasketball Shoes,Nike,Sneakers,3380000.0,3990000.0,"https://static.nike.com/a/images/t_web_pw_592_v2/f_auto/u_126ab356-44d8-4a06-89b4-fcdcc8df0245,c_scale,fl_relative,w_1.0,h_1.0,fl_layer_apply/d6e99963-bb3a-4088-8f1e-0197bc72125d/JORDAN+TATUM+4+SE.png",63,AVAILABLE,"Crafted with durable uppers and specialized traction, this Nike release blends legendary sportswear history with contemporary performance.",4.9,52,"US 7, US 8, US 8.5, US 9, US 9.5, US 10, US 10.5, US 11, US 12",Grey/White,Unisex,2026-05-24 23:19:22,2026-05-24 23:19:22
SP2170,Ja 2Basketball Shoes,Nike,Sneakers,3250000.0,,"https://static.nike.com/a/images/t_web_pw_592_v2/f_auto/u_9ddf04c7-2a9a-4d76-add1-d15af8f0263d,c_scale,fl_relative,w_1.0,h_1.0,fl_layer_apply/b9a4b12d-2c13-44fa-b1e8-d8641385e491/JA+2.png",20,AVAILABLE,"Featuring premium materials and signature Nike design details, this sneaker delivers excellent impact protection and unmatched comfort.",4.7,88,"US 7, US 8, US 8.5, US 9, US 9.5, US 10, US 10.5, US 11, US 12",Triple Black,Women,2026-05-24 23:19:22,2026-05-24 23:19:22
SP2171,Nike Dunk Low Retro SEMen's Shoes,Nike,Sneakers,3380000.0,,"https://static.nike.com/a/images/t_web_pw_592_v2/f_auto/u_9ddf04c7-2a9a-4d76-add1-d15af8f0263d,c_scale,fl_relative,w_1.0,h_1.0,fl_layer_apply/0ef5824a-15bc-48ae-abc2-88c12b764f80/NIKE+DUNK+LOW+RETRO+SE.png",91,AVAILABLE,"Featuring premium materials and signature Nike design details, this sneaker delivers excellent impact protection and unmatched comfort.",4.4,77,"US 7, US 8, US 8.5, US 9, US 9.5, US 10, US 10.5, US 11, US 12",Grey Castlerock,Men,2026-05-24 23:19:22,2026-05-24 23:19:22
SP2172,Nike Dunk Low RetroShoes,Nike,Sneakers,3380000.0,,https://static.nike.com/a/images/t_web_pw_592_v2/f_auto/c600aa69-7dbd-4e96-8644-531f4a159cdf/NIKE+DUNK+LOW+RETRO+QS.png,75,AVAILABLE,"Engineered with a responsive midsole system and secure support, this Nike sneaker is a great choice for enthusiasts.",4.6,97,"US 7, US 8, US 8.5, US 9, US 9.5, US 10, US 10.5, US 11, US 12",Cream/Sand,Women,2026-05-24 23:19:22,2026-05-24 23:19:22
SP2173,Nike Dunk Low GORE-TEXMen's Shoes,Nike,Sneakers,4030000.0,,"https://static.nike.com/a/images/t_web_pw_592_v2/f_auto/u_9ddf04c7-2a9a-4d76-add1-d15af8f0263d,c_scale,fl_relative,w_1.0,h_1.0,fl_layer_apply/6be0a6bf-09ce-49a9-8bce-c61d0f17fd5b/NIKE+DUNK+LOW+GTX.png",22,AVAILABLE,"A historic Nike silhouette reimagined with a modern aesthetic, it showcases classic color-blocking that elevates any casual outfit.",4.6,43,"US 7, US 8, US 8.5, US 9, US 9.5, US 10, US 10.5, US 11, US 12",Grey Castlerock,Men,2026-05-24 23:19:22,2026-05-24 23:19:22
SP2174,Nike Dunk Low Retro SE Leather/SuedeMen's Shoes,Nike,Sneakers,3250000.0,4050000.0,"https://static.nike.com/a/images/t_web_pw_592_v2/f_auto/u_9ddf04c7-2a9a-4d76-add1-d15af8f0263d,c_scale,fl_relative,w_1.0,h_1.0,fl_layer_apply/611bd23c-2d1e-4959-bf6a-7ce913a2a939/NIKE+DUNK+LOW+RETRO+SE.png",113,AVAILABLE,"Designed for lightweight cushioning and everyday lifestyle wear, it provides a retro look while ensuring modern durability and flexibility.",4.8,13,"US 7, US 8, US 8.5, US 9, US 9.5, US 10, US 10.5, US 11, US 12",Shadow,Men,2026-05-24 23:19:22,2026-05-24 23:19:22
SP2175,Nike Dunk LowMen's Shoes,Nike,Sneakers,3120000.0,3980000.0,https://static.nike.com/a/images/t_web_pw_592_v2/f_auto/151f8991-0324-4b4a-a60e-db0a50efe4f9/NIKE+DUNK+LOW.png,31,AVAILABLE,"A historic Nike silhouette reimagined with a modern aesthetic, it showcases classic color-blocking that elevates any casual outfit.",4.5,21,"US 7, US 8, US 8.5, US 9, US 9.5, US 10, US 10.5, US 11, US 12",Sail/Navy,Men,2026-05-24 23:19:22,2026-05-24 23:19:22
SP2176,Nike SB Dunk Low ProSkate Shoes,Nike,Sneakers,3510000.0,4270000.0,"https://static.nike.com/a/images/t_web_pw_592_v2/f_auto/u_9ddf04c7-2a9a-4d76-add1-d15af8f0263d,c_scale,fl_relative,w_1.0,h_1.0,fl_layer_apply/53706a54-d6f6-44a3-b533-18302fb81c07/NIKE+SB+DUNK+LOW+PRO+QS.png",41,AVAILABLE,"Crafted with durable uppers and specialized traction, this Nike release blends legendary sportswear history with contemporary performance.",4.6,116,"US 7, US 8, US 8.5, US 9, US 9.5, US 10, US 10.5, US 11, US 12",Blue/White,Men,2026-05-24 23:19:22,2026-05-24 23:19:22
SP2177,Nike Dunk High RetroMen's Shoe,Nike,Sneakers,4030000.0,,"https://static.nike.com/a/images/t_web_pw_592_v2/f_auto/u_9ddf04c7-2a9a-4d76-add1-d15af8f0263d,c_scale,fl_relative,w_1.0,h_1.0,fl_layer_apply/fd17b420-b388-4c8a-aaaa-e0a98ddf175f/NIKE+DUNK+HI+RETRO.png",110,AVAILABLE,"Crafted with durable uppers and specialized traction, this Nike release blends legendary sportswear history with contemporary performance.",4.5,47,"US 7, US 8, US 8.5, US 9, US 9.5, US 10, US 10.5, US 11, US 12",Navy/White,Men,2026-05-24 23:19:22,2026-05-24 23:19:22
SP2178,Nike Dunk Low JPShoes,Nike,Sneakers,3120000.0,,"https://static.nike.com/a/images/t_web_pw_592_v2/f_auto/u_9ddf04c7-2a9a-4d76-add1-d15af8f0263d,c_scale,fl_relative,w_1.0,h_1.0,fl_layer_apply/29457464-3c9b-4332-96b9-1fb91b983ef1/NIKE+DUNK+LOW+JP+QS.png",23,AVAILABLE,"Featuring premium materials and signature Nike design details, this sneaker delivers excellent impact protection and unmatched comfort.",4.4,12,"US 7, US 8, US 8.5, US 9, US 9.5, US 10, US 10.5, US 11, US 12",Blue/White,Men,2026-05-24 23:19:22,2026-05-24 23:19:22
SP2179,Nike Alpha Menace 4 Dunk SEFootball Cleats,Nike,Sneakers,4940000.0,5680000.0,"https://static.nike.com/a/images/t_web_pw_592_v2/f_auto/u_9ddf04c7-2a9a-4d76-add1-d15af8f0263d,c_scale,fl_relative,w_1.0,h_1.0,fl_layer_apply/95d3863c-4bcd-46b4-b44e-289dabe2ff9b/NIKE+ALPHA+MENACE+DUNK+SE.png",73,AVAILABLE,"A historic Nike silhouette reimagined with a modern aesthetic, it showcases classic color-blocking that elevates any casual outfit.",4.6,94,"US 7, US 8, US 8.5, US 9, US 9.5, US 10, US 10.5, US 11, US 12",Olive/Gum,Women,2026-05-24 23:19:22,2026-05-24 23:19:22
SP2180,Nike Alpha Menace DunkMen's Football Cleats,Nike,Sneakers,4680000.0,,https://static.nike.com/a/images/t_web_pw_592_v2/f_auto/67a5462b-2d42-4c77-ae7b-acb82824dc7e/NIKE++ALPHA+MENACE+DUNK.png,99,AVAILABLE,"Designed for lightweight cushioning and everyday lifestyle wear, it provides a retro look while ensuring modern durability and flexibility.",4.5,35,"US 7, US 8, US 8.5, US 9, US 9.5, US 10, US 10.5, US 11, US 12",Red/White,Men,2026-05-24 23:19:22,2026-05-24 23:19:22
SP2181,Nike Dunk Low Retro PremiumShoes,Nike,Sneakers,3510000.0,4040000.0,"https://static.nike.com/a/images/t_web_pw_592_v2/f_auto/u_9ddf04c7-2a9a-4d76-add1-d15af8f0263d,c_scale,fl_relative,w_1.0,h_1.0,fl_layer_apply/8932e160-91f1-4970-9114-da3d0a5da457/NIKE+DUNK+LOW+RETRO+PRM+QS.png",35,AVAILABLE,"Engineered with a responsive midsole system and secure support, this Nike sneaker is a great choice for enthusiasts.",4.4,31,"US 7, US 8, US 8.5, US 9, US 9.5, US 10, US 10.5, US 11, US 12",Volt/Black,Unisex,2026-05-24 23:19:22,2026-05-24 23:19:22
SP2182,Nike Dunk Low Unlocked By Miles Chamley-WatsonCustom Shoes,Nike,Sneakers,4290000.0,,"https://static.nike.com/a/images/t_web_pw_592_v2/f_auto/u_9ddf04c7-2a9a-4d76-add1-d15af8f0263d,c_scale,fl_relative,w_1.0,h_1.0,fl_layer_apply/f300bee1-4989-4891-8147-afa642ba352f/NIKE+DUNK+LOW+NBY+%28U%29.png",17,AVAILABLE,"A historic Nike silhouette reimagined with a modern aesthetic, it showcases classic color-blocking that elevates any casual outfit.",4.6,16,"US 7, US 8, US 8.5, US 9, US 9.5, US 10, US 10.5, US 11, US 12",Varsity Red/Black,Women,2026-05-24 23:19:22,2026-05-24 23:19:22
SP2183,Nike Dunk Low Unlocked By YouCustom Shoes,Nike,Sneakers,4290000.0,5250000.0,https://static.nike.com/a/images/t_web_pw_592_v2/f_auto/ce3c42c3-371c-4e24-af3d-e9cccf2424b2/NIKE+DUNK+LOW+NBY+%28U%29.png,16,AVAILABLE,"A historic Nike silhouette reimagined with a modern aesthetic, it showcases classic color-blocking that elevates any casual outfit.",4.4,11,"US 7, US 8, US 8.5, US 9, US 9.5, US 10, US 10.5, US 11, US 12",Multi-Color,Women,2026-05-24 23:19:22,2026-05-24 23:19:22
SP2184,Nike Dunk High By YouCustom Men's Shoes,Nike,Sneakers,4160000.0,,https://static.nike.com/a/images/t_web_pw_592_v2/f_auto/99486859-0ff3-46b4-949b-2d16af2ad421/NIKE+DUNK+HIGH+NBY+%28OD%29.png,115,AVAILABLE,"Designed for lightweight cushioning and everyday lifestyle wear, it provides a retro look while ensuring modern durability and flexibility.",4.8,15,"US 7, US 8, US 8.5, US 9, US 9.5, US 10, US 10.5, US 11, US 12",Varsity Red/Black,Men,2026-05-24 23:19:22,2026-05-24 23:19:22
SP2185,Nike Dunk Low By YouCustom Men's Shoes,Nike,Sneakers,3770000.0,,https://static.nike.com/a/images/t_web_pw_592_v2/f_auto/3712d261-1af0-4a7e-bd56-2ec115b4c50a/NIKE+DUNK+LOW+NBY.png,74,AVAILABLE,"Designed for lightweight cushioning and everyday lifestyle wear, it provides a retro look while ensuring modern durability and flexibility.",4.4,131,"US 7, US 8, US 8.5, US 9, US 9.5, US 10, US 10.5, US 11, US 12",Navy/White,Men,2026-05-24 23:19:22,2026-05-24 23:19:22
SP2186,"Nike Air Max ""Laser 90""Men's Shoes",Nike,Sneakers,3900000.0,,"https://static.nike.com/a/images/t_web_pw_592_v2/f_auto/u_9ddf04c7-2a9a-4d76-add1-d15af8f0263d,c_scale,fl_relative,w_1.0,h_1.0,fl_layer_apply/7b61045e-06d6-4c8e-b5aa-e4499885cd11/NIKE+AIR+MAX+90.png",76,AVAILABLE,"A historic Nike silhouette reimagined with a modern aesthetic, it showcases classic color-blocking that elevates any casual outfit.",4.2,36,"US 7, US 8, US 8.5, US 9, US 9.5, US 10, US 10.5, US 11, US 12",Navy/White,Men,2026-05-24 23:19:22,2026-05-24 23:19:22
SP2187,Nike Air Max 90Men's Shoes,Nike,Sneakers,3510000.0,,"https://static.nike.com/a/images/t_web_pw_592_v2/f_auto/u_9ddf04c7-2a9a-4d76-add1-d15af8f0263d,c_scale,fl_relative,w_1.0,h_1.0,fl_layer_apply/f49161f1-cec9-4ee5-b9e5-1dd6a4b1b974/NIKE+AIR+MAX+90.png",34,AVAILABLE,"Featuring premium materials and signature Nike design details, this sneaker delivers excellent impact protection and unmatched comfort.",4.4,35,"US 7, US 8, US 8.5, US 9, US 9.5, US 10, US 10.5, US 11, US 12",Grey/White,Men,2026-05-24 23:19:22,2026-05-24 23:19:22
SP2188,"Nike Air Max 95 ""Big Bubble"" SEMen's Shoes",Nike,Sneakers,5200000.0,6190000.0,"https://static.nike.com/a/images/t_web_pw_592_v2/f_auto/u_9ddf04c7-2a9a-4d76-add1-d15af8f0263d,c_scale,fl_relative,w_1.0,h_1.0,fl_layer_apply/f738bb5f-114f-4243-8a45-c215cc9ce13d/NIKE+AIR+MAX+95+BIG+BUBBLE+SE.png",15,AVAILABLE,"Crafted with durable uppers and specialized traction, this Nike release blends legendary sportswear history with contemporary performance.",4.6,120,"US 7, US 8, US 8.5, US 9, US 9.5, US 10, US 10.5, US 11, US 12",Triple Black,Men,2026-05-24 23:19:22,2026-05-24 23:19:22
SP2189,"Nike Air Max 95 Big Bubble ""England""Men's Shoes",Nike,Sneakers,4940000.0,5790000.0,"https://static.nike.com/a/images/t_web_pw_592_v2/f_auto/u_9ddf04c7-2a9a-4d76-add1-d15af8f0263d,c_scale,fl_relative,w_1.0,h_1.0,fl_layer_apply/1ffab5b3-3ca4-4420-a689-649905c6c80f/NIKE+AIR+MAX+95+BIG+BUBBLE.png",103,AVAILABLE,"A historic Nike silhouette reimagined with a modern aesthetic, it showcases classic color-blocking that elevates any casual outfit.",4.7,120,"US 7, US 8, US 8.5, US 9, US 9.5, US 10, US 10.5, US 11, US 12",Varsity Red/Black,Men,2026-05-24 23:19:22,2026-05-24 23:19:22
SP2190,Nike Air Max Plus VIIMen's Shoes,Nike,Sneakers,4940000.0,,"https://static.nike.com/a/images/t_web_pw_592_v2/f_auto/u_9ddf04c7-2a9a-4d76-add1-d15af8f0263d,c_scale,fl_relative,w_1.0,h_1.0,fl_layer_apply/f2e1d35e-8644-479a-9c94-ebbaf7d4515a/NIKE+AIR+MAX+PLUS+VII.png",21,AVAILABLE,"Featuring premium materials and signature Nike design details, this sneaker delivers excellent impact protection and unmatched comfort.",4.5,38,"US 7, US 8, US 8.5, US 9, US 9.5, US 10, US 10.5, US 11, US 12",Varsity Red/Black,Men,2026-05-24 23:19:22,2026-05-24 23:19:22
SP2191,"Nike Air Max Plus OG ""FFF""Men's Shoes",Nike,Sneakers,4940000.0,5920000.0,"https://static.nike.com/a/images/t_web_pw_592_v2/f_auto/u_9ddf04c7-2a9a-4d76-add1-d15af8f0263d,c_scale,fl_relative,w_1.0,h_1.0,fl_layer_apply/6e139d1d-5383-411e-b4a7-026b6cc43aad/NIKE+AIR+MAX+PLUS+OG.png",53,AVAILABLE,"Crafted with durable uppers and specialized traction, this Nike release blends legendary sportswear history with contemporary performance.",4.5,47,"US 7, US 8, US 8.5, US 9, US 9.5, US 10, US 10.5, US 11, US 12",Triple Black,Men,2026-05-24 23:19:22,2026-05-24 23:19:22
SP2192,Nike Air Max PlusMen's Shoes,Nike,Sneakers,4940000.0,,"https://static.nike.com/a/images/t_web_pw_592_v2/f_auto/u_9ddf04c7-2a9a-4d76-add1-d15af8f0263d,c_scale,fl_relative,w_1.0,h_1.0,fl_layer_apply/c7700713-3ed2-444c-9ff2-80105d9cdfb2/NIKE+AIR+MAX+PLUS.png",55,AVAILABLE,"A historic Nike silhouette reimagined with a modern aesthetic, it showcases classic color-blocking that elevates any casual outfit.",4.5,58,"US 7, US 8, US 8.5, US 9, US 9.5, US 10, US 10.5, US 11, US 12",Multi-Color,Men,2026-05-24 23:19:22,2026-05-24 23:19:22
SP2193,Nike Air Max ExceeMen's Shoes,Nike,Sneakers,2600000.0,3260000.0,"https://static.nike.com/a/images/t_web_pw_592_v2/f_auto/u_9ddf04c7-2a9a-4d76-add1-d15af8f0263d,c_scale,fl_relative,w_1.0,h_1.0,fl_layer_apply/be8b02d3-3c2f-414b-9e32-3f9b920abed4/NIKE+AIR+MAX+EXCEE.png",67,AVAILABLE,"Designed for lightweight cushioning and everyday lifestyle wear, it provides a retro look while ensuring modern durability and flexibility.",4.3,26,"US 7, US 8, US 8.5, US 9, US 9.5, US 10, US 10.5, US 11, US 12",Grey Castlerock,Men,2026-05-24 23:19:22,2026-05-24 23:19:22
SP2194,Nike Air Max Torch 4Men's Shoes,Nike,Sneakers,2600000.0,,"https://static.nike.com/a/images/t_web_pw_592_v2/f_auto/u_9ddf04c7-2a9a-4d76-add1-d15af8f0263d,c_scale,fl_relative,w_1.0,h_1.0,fl_layer_apply/g6hxpcevy1qeel7ivtd5/AIR+MAX+TORCH+4.png",76,AVAILABLE,"Designed for lightweight cushioning and everyday lifestyle wear, it provides a retro look while ensuring modern durability and flexibility.",4.8,131,"US 7, US 8, US 8.5, US 9, US 9.5, US 10, US 10.5, US 11, US 12",Triple White,Men,2026-05-24 23:19:22,2026-05-24 23:19:22
SP2195,Nike Air VaporMax PlusMen's Shoes,Nike,Sneakers,5720000.0,,"https://static.nike.com/a/images/t_web_pw_592_v2/f_auto/u_9ddf04c7-2a9a-4d76-add1-d15af8f0263d,c_scale,fl_relative,w_1.0,h_1.0,fl_layer_apply/313f2680-ac54-4f43-a02e-f917ce094ec5/AIR+VAPORMAX+PLUS.png",108,AVAILABLE,"Featuring premium materials and signature Nike design details, this sneaker delivers excellent impact protection and unmatched comfort.",4.5,104,"US 7, US 8, US 8.5, US 9, US 9.5, US 10, US 10.5, US 11, US 12",University Blue,Men,2026-05-24 23:19:22,2026-05-24 23:19:22
SP2196,Nike Air Max Dn8 SPMen's Shoes,Nike,Sneakers,5460000.0,6950000.0,"https://static.nike.com/a/images/t_web_pw_592_v2/f_auto/u_9ddf04c7-2a9a-4d76-add1-d15af8f0263d,c_scale,fl_relative,w_1.0,h_1.0,fl_layer_apply/fede56c5-083d-43f7-8786-263c42c4fd20/AIR+MAX+DN8+LTR+SP.png",92,AVAILABLE,"Designed for lightweight cushioning and everyday lifestyle wear, it provides a retro look while ensuring modern durability and flexibility.",4.3,144,"US 7, US 8, US 8.5, US 9, US 9.5, US 10, US 10.5, US 11, US 12",Volt/Black,Men,2026-05-24 23:19:22,2026-05-24 23:19:22
SP2197,Nike Air Max 270 PremiumMen's Shoes,Nike,Sneakers,4680000.0,,"https://static.nike.com/a/images/t_web_pw_592_v2/f_auto/u_9ddf04c7-2a9a-4d76-add1-d15af8f0263d,c_scale,fl_relative,w_1.0,h_1.0,fl_layer_apply/6567cb57-305a-47ef-82ba-2d1dfa44a19f/AIR+MAX+270+PREMIUM.png",15,AVAILABLE,"Engineered with a responsive midsole system and secure support, this Nike sneaker is a great choice for enthusiasts.",4.9,20,"US 7, US 8, US 8.5, US 9, US 9.5, US 10, US 10.5, US 11, US 12",Black/White,Men,2026-05-24 23:19:22,2026-05-24 23:19:22
SP2198,Nike Air Max 270Men's Shoes,Nike,Sneakers,4420000.0,,"https://static.nike.com/a/images/t_web_pw_592_v2/f_auto/u_9ddf04c7-2a9a-4d76-add1-d15af8f0263d,c_scale,fl_relative,w_1.0,h_1.0,fl_layer_apply/efwa2z2axzuqhv35gxbz/AIR+MAX+270.png",71,AVAILABLE,"Engineered with a responsive midsole system and secure support, this Nike sneaker is a great choice for enthusiasts.",4.9,124,"US 7, US 8, US 8.5, US 9, US 9.5, US 10, US 10.5, US 11, US 12",Light Bone,Men,2026-05-24 23:19:22,2026-05-24 23:19:22
SP2199,"Nike Air Max 95 ""Big Bubble""Women's Shoes",Nike,Sneakers,4680000.0,,"https://static.nike.com/a/images/t_web_pw_592_v2/f_auto/u_9ddf04c7-2a9a-4d76-add1-d15af8f0263d,c_scale,fl_relative,w_1.0,h_1.0,fl_layer_apply/8f37b068-8c57-4346-8369-9a59ec28c9e2/W+NIKE+AIR+MAX+95+BB.png",44,AVAILABLE,"Featuring premium materials and signature Nike design details, this sneaker delivers excellent impact protection and unmatched comfort.",4.8,127,"US 7, US 8, US 8.5, US 9, US 9.5, US 10, US 10.5, US 11, US 12",Multi-Color,Women,2026-05-24 23:19:22,2026-05-24 23:19:22
SP2200,Nike Air Max TL 2.5Men's Shoes,Nike,Sneakers,4940000.0,6170000.0,"https://static.nike.com/a/images/t_web_pw_592_v2/f_auto/u_9ddf04c7-2a9a-4d76-add1-d15af8f0263d,c_scale,fl_relative,w_1.0,h_1.0,fl_layer_apply/7d121e25-ece3-4339-b1b3-113326530a37/AIR+MAX+TL+2.5.png",57,AVAILABLE,"Designed for lightweight cushioning and everyday lifestyle wear, it provides a retro look while ensuring modern durability and flexibility.",4.5,123,"US 7, US 8, US 8.5, US 9, US 9.5, US 10, US 10.5, US 11, US 12",Pine Green,Men,2026-05-24 23:19:22,2026-05-24 23:19:22
SP2201,Nike Air Max 95 Big Bubble PremiumMen's Shoes,Nike,Sneakers,4940000.0,,https://static.nike.com/a/images/t_web_pw_592_v2/f_auto/25b1b91a-4ca5-4235-a5a3-7df16ee3e507/AIR+MAX+95+BIG+BBL+PREMIUM.png,46,AVAILABLE,"Designed for lightweight cushioning and everyday lifestyle wear, it provides a retro look while ensuring modern durability and flexibility.",4.9,86,"US 7, US 8, US 8.5, US 9, US 9.5, US 10, US 10.5, US 11, US 12",Triple White,Men,2026-05-24 23:19:22,2026-05-24 23:19:22
SP2202,"Air Force 1 '07 LV8 ""Denim""Men's Shoes",Nike,Sneakers,3250000.0,,"https://static.nike.com/a/images/t_web_pw_592_v2/f_auto/u_9ddf04c7-2a9a-4d76-add1-d15af8f0263d,c_scale,fl_relative,w_1.0,h_1.0,fl_layer_apply/f39def0d-9c11-4fa2-9d84-ed99fce40880/AIR+FORCE+1+%2707+LV8.png",36,AVAILABLE,"Crafted with durable uppers and specialized traction, this Nike release blends legendary sportswear history with contemporary performance.",4.4,45,"US 7, US 8, US 8.5, US 9, US 9.5, US 10, US 10.5, US 11, US 12",Cream/Sand,Men,2026-05-24 23:19:22,2026-05-24 23:19:22
SP2203,"Nike Air Force 1 '07 LV8 ""USA""Men's Shoes",Nike,Sneakers,3250000.0,,"https://static.nike.com/a/images/t_web_pw_592_v2/f_auto/u_9ddf04c7-2a9a-4d76-add1-d15af8f0263d,c_scale,fl_relative,w_1.0,h_1.0,fl_layer_apply/b86dc1d8-81ee-4030-b8b2-2c9b96de5dc4/AIR+FORCE+1+%2707+LV8.png",113,AVAILABLE,"Featuring premium materials and signature Nike design details, this sneaker delivers excellent impact protection and unmatched comfort.",4.9,128,"US 7, US 8, US 8.5, US 9, US 9.5, US 10, US 10.5, US 11, US 12",Black/White,Men,2026-05-24 23:19:22,2026-05-24 23:19:22
SP2204,Nike Air Force 1 '07 EasyOnShoes,Nike,Sneakers,2990000.0,3640000.0,"https://static.nike.com/a/images/t_web_pw_592_v2/f_auto/u_9ddf04c7-2a9a-4d76-add1-d15af8f0263d,c_scale,fl_relative,w_1.0,h_1.0,fl_layer_apply/f8dfa191-60b3-44c1-b730-b25e0a908c35/AIR+FORCE+1+%2707+FLYEASE.png",89,AVAILABLE,"Engineered with a responsive midsole system and secure support, this Nike sneaker is a great choice for enthusiasts.",4.7,113,"US 7, US 8, US 8.5, US 9, US 9.5, US 10, US 10.5, US 11, US 12",Blue/White,Men,2026-05-24 23:19:22,2026-05-24 23:19:22
SP2205,NOCTA Air Force 1 LowMen's Shoes,Nike,Sneakers,4160000.0,,"https://static.nike.com/a/images/t_web_pw_592_v2/f_auto/u_9ddf04c7-2a9a-4d76-add1-d15af8f0263d,c_scale,fl_relative,w_1.0,h_1.0,fl_layer_apply/7ac1ba5d-28cc-4b41-96f5-ce16b7e070a3/AIR+FORCE+1+LOW+SP.png",31,AVAILABLE,"Engineered with a responsive midsole system and secure support, this Nike sneaker is a great choice for enthusiasts.",4.5,30,"US 7, US 8, US 8.5, US 9, US 9.5, US 10, US 10.5, US 11, US 12",Cream/Sand,Men,2026-05-24 23:19:22,2026-05-24 23:19:22
SP2206,Nike Air Force 1 Low Retro QSMen's Shoes,Nike,Sneakers,3640000.0,4590000.0,https://static.nike.com/a/images/t_web_pw_592_v2/f_auto/48002446-22e2-44fc-abcc-e8de39d6d87d/AIR+FORCE+1+LOW+RETRO+QS.png,39,AVAILABLE,"Designed for lightweight cushioning and everyday lifestyle wear, it provides a retro look while ensuring modern durability and flexibility.",4.2,118,"US 7, US 8, US 8.5, US 9, US 9.5, US 10, US 10.5, US 11, US 12",Grey/White,Men,2026-05-24 23:19:22,2026-05-24 23:19:22
SP2207,Air Force 1 '07 RealTreeMen's Shoes,Nike,Sneakers,3250000.0,,"https://static.nike.com/a/images/t_web_pw_592_v2/f_auto/u_9ddf04c7-2a9a-4d76-add1-d15af8f0263d,c_scale,fl_relative,w_1.0,h_1.0,fl_layer_apply/692cdb67-6709-4e93-953d-e6157edc3b13/AIR+FORCE+1+%2707.png",52,AVAILABLE,"Crafted with durable uppers and specialized traction, this Nike release blends legendary sportswear history with contemporary performance.",4.6,38,"US 7, US 8, US 8.5, US 9, US 9.5, US 10, US 10.5, US 11, US 12",Red/White,Men,2026-05-24 23:19:22,2026-05-24 23:19:22
SP2208,Nike Air Force 1 Low ProtroMen's Shoes,Nike,Sneakers,3900000.0,5060000.0,https://static.nike.com/a/images/t_web_pw_592_v2/f_auto/482d3c92-6872-421b-95d8-933b2389cde1/AIR+FORCE+1+LOW+PROTRO.png,105,AVAILABLE,"Designed for lightweight cushioning and everyday lifestyle wear, it provides a retro look while ensuring modern durability and flexibility.",4.2,127,"US 7, US 8, US 8.5, US 9, US 9.5, US 10, US 10.5, US 11, US 12",Volt/Black,Men,2026-05-24 23:19:22,2026-05-24 23:19:22
SP2209,Nike Lunar Force 1Men's Winterized Duckboot,Nike,Sneakers,4420000.0,,"https://static.nike.com/a/images/t_web_pw_592_v2/f_auto/u_9ddf04c7-2a9a-4d76-add1-d15af8f0263d,c_scale,fl_relative,w_1.0,h_1.0,fl_layer_apply/0ca943b5-2488-4aa4-b980-cd4179ae2d3f/LUNAR+FORCE+1+DUCKBOOT.png",119,AVAILABLE,"Designed for lightweight cushioning and everyday lifestyle wear, it provides a retro look while ensuring modern durability and flexibility.",4.3,46,"US 7, US 8, US 8.5, US 9, US 9.5, US 10, US 10.5, US 11, US 12",Multi-Color,Men,2026-05-24 23:19:22,2026-05-24 23:19:22
SP2210,Nike Air Force 1 Low Protro 1Men's Shoes,Nike,Sneakers,3900000.0,,"https://static.nike.com/a/images/t_web_pw_592_v2/f_auto/u_9ddf04c7-2a9a-4d76-add1-d15af8f0263d,c_scale,fl_relative,w_1.0,h_1.0,fl_layer_apply/44e570da-a0a5-4f2d-a26c-517bf7914278/AIR+FORCE+1+LOW+PROTRO.png",99,AVAILABLE,"Featuring premium materials and signature Nike design details, this sneaker delivers excellent impact protection and unmatched comfort.",4.9,16,"US 7, US 8, US 8.5, US 9, US 9.5, US 10, US 10.5, US 11, US 12",Blue/White,Men,2026-05-24 23:19:22,2026-05-24 23:19:22
SP2211,Nike Air Force 1 Low x LeBronMen's Shoes,Nike,Sneakers,5200000.0,6690000.0,https://static.nike.com/a/images/t_web_pw_592_v2/f_auto/9ad598a2-c9af-4d29-9346-ca5068916c88/AIR+FORCE+1+LBJ+%28NYC%29.png,34,AVAILABLE,"Designed for lightweight cushioning and everyday lifestyle wear, it provides a retro look while ensuring modern durability and flexibility.",4.6,89,"US 7, US 8, US 8.5, US 9, US 9.5, US 10, US 10.5, US 11, US 12",Light Bone,Men,2026-05-24 23:19:22,2026-05-24 23:19:22
SP2212,"Nike Air Force 1 '07 ""Easter""Men's Shoes",Nike,Sneakers,3250000.0,,"https://static.nike.com/a/images/t_web_pw_592_v2/f_auto/u_9ddf04c7-2a9a-4d76-add1-d15af8f0263d,c_scale,fl_relative,w_1.0,h_1.0,fl_layer_apply/22486346-adb8-47a2-ac5d-6ffe8ba06b23/NIKE+AIR+FORCE+1+%2707.png",117,AVAILABLE,"Engineered with a responsive midsole system and secure support, this Nike sneaker is a great choice for enthusiasts.",4.3,113,"US 7, US 8, US 8.5, US 9, US 9.5, US 10, US 10.5, US 11, US 12",Bred,Men,2026-05-24 23:19:22,2026-05-24 23:19:22
SP2213,Nike Air Force 1 Mid '07 PremiumMen's Shoes,Nike,Sneakers,3640000.0,,"https://static.nike.com/a/images/t_web_pw_592_v2/f_auto/u_9ddf04c7-2a9a-4d76-add1-d15af8f0263d,c_scale,fl_relative,w_1.0,h_1.0,fl_layer_apply/85bd494b-b9d3-4984-a780-0905fb4714c6/AIR+FORCE+1+MID+%2707+PRM+QS.png",110,AVAILABLE,"Featuring premium materials and signature Nike design details, this sneaker delivers excellent impact protection and unmatched comfort.",4.4,37,"US 7, US 8, US 8.5, US 9, US 9.5, US 10, US 10.5, US 11, US 12",Pine Green,Men,2026-05-24 23:19:22,2026-05-24 23:19:22
SP2214,Air Force 1 GORE-TEX VibramMen's Shoes,Nike,Sneakers,3900000.0,,"https://static.nike.com/a/images/t_web_pw_592_v2/f_auto/u_9ddf04c7-2a9a-4d76-add1-d15af8f0263d,c_scale,fl_relative,w_1.0,h_1.0,fl_layer_apply/97b48652-54ae-401e-969d-a2e799f98101/AIR+FORCE+1+GTX+VIBRAM.png",46,AVAILABLE,"Crafted with durable uppers and specialized traction, this Nike release blends legendary sportswear history with contemporary performance.",4.8,141,"US 7, US 8, US 8.5, US 9, US 9.5, US 10, US 10.5, US 11, US 12",Pine Green,Men,2026-05-24 23:19:22,2026-05-24 23:19:22
SP2215,Nike Air Force 1 Mid '07Men's Shoes,Nike,Sneakers,3250000.0,3840000.0,"https://static.nike.com/a/images/t_web_pw_592_v2/f_auto/u_9ddf04c7-2a9a-4d76-add1-d15af8f0263d,c_scale,fl_relative,w_1.0,h_1.0,fl_layer_apply/94eddf77-9d08-4ff0-a0a0-59a73cfe5d65/AIR+FORCE+1+MID+%2707.png",46,AVAILABLE,"A historic Nike silhouette reimagined with a modern aesthetic, it showcases classic color-blocking that elevates any casual outfit.",4.4,127,"US 7, US 8, US 8.5, US 9, US 9.5, US 10, US 10.5, US 11, US 12",Olive/Gum,Men,2026-05-24 23:19:22,2026-05-24 23:19:22
SP2216,"Air Force 1 '07 x Doernbecher Freestyle ""Oli""Men's Shoes",Nike,Sneakers,3120000.0,,"https://static.nike.com/a/images/t_web_pw_592_v2/f_auto/u_9ddf04c7-2a9a-4d76-add1-d15af8f0263d,c_scale,fl_relative,w_1.0,h_1.0,fl_layer_apply/e6f03a83-22f3-4ac1-8e85-efa8d4ae8c73/NIKE+AIR+FORCE+1+%2707+DB21.png",54,AVAILABLE,"Featuring premium materials and signature Nike design details, this sneaker delivers excellent impact protection and unmatched comfort.",4.6,127,"US 7, US 8, US 8.5, US 9, US 9.5, US 10, US 10.5, US 11, US 12",Multi-Color,Men,2026-05-24 23:19:22,2026-05-24 23:19:22
SP2217,Nike Air Force 1 Mid By YouCustom Men's Shoes,Nike,Sneakers,3770000.0,,"https://static.nike.com/a/images/t_web_pw_592_v2/f_auto/u_9ddf04c7-2a9a-4d76-add1-d15af8f0263d,c_scale,fl_relative,w_1.0,h_1.0,fl_layer_apply/7ea78bc6-67aa-46c1-8db2-e64747ca17f2/AIR+FORCE+1+MID+ESS+NBY+LEA.png",76,AVAILABLE,"Crafted with durable uppers and specialized traction, this Nike release blends legendary sportswear history with contemporary performance.",4.9,121,"US 7, US 8, US 8.5, US 9, US 9.5, US 10, US 10.5, US 11, US 12",Shadow,Men,2026-05-24 23:19:22,2026-05-24 23:19:22
SP2218,Nike Air Force 1 Low By YouCustom Men's Shoes,Nike,Sneakers,3640000.0,,"https://static.nike.com/a/images/t_web_pw_592_v2/f_auto/u_9ddf04c7-2a9a-4d76-add1-d15af8f0263d,c_scale,fl_relative,w_1.0,h_1.0,fl_layer_apply/6c612c89-2271-4ed1-b80c-3c2246c69bd7/AIR+FORCE+1+LOW+ESS+NBY+LEA.png",120,AVAILABLE,"Featuring premium materials and signature Nike design details, this sneaker delivers excellent impact protection and unmatched comfort.",4.6,90,"US 7, US 8, US 8.5, US 9, US 9.5, US 10, US 10.5, US 11, US 12",Black/White,Men,2026-05-24 23:19:22,2026-05-24 23:19:22
SP2219,Nike SBMen's Dri-FIT Bowler Skate Top,Nike,Clothing,2210000.0,,"https://static.nike.com/a/images/t_web_pw_592_v2/f_auto/u_9ddf04c7-2a9a-4d76-add1-d15af8f0263d,c_scale,fl_relative,w_1.0,h_1.0,fl_layer_apply/4b7836c4-8cbc-453f-a0de-502470babbc6/M+NK+SB+DF+BOWLER+FR+SU26.png",36,AVAILABLE,"Engineered with a responsive midsole system and secure support, this Nike sneaker is a great choice for enthusiasts.",4.3,26,"US 7, US 8, US 8.5, US 9, US 9.5, US 10, US 10.5, US 11, US 12",Bred,Men,2026-05-24 23:19:22,2026-05-24 23:19:22
SP2220,Nike SBMen's Loose Denim Skate Pants,Nike,Clothing,2990000.0,,"https://static.nike.com/a/images/t_web_pw_592_v2/f_auto/u_9ddf04c7-2a9a-4d76-add1-d15af8f0263d,c_scale,fl_relative,w_1.0,h_1.0,fl_layer_apply/7d130625-7b06-41b1-a0d2-f80c2149b47b/M+NK+SB+LOOSE+DENIM+PANT.png",19,AVAILABLE,"Engineered with a responsive midsole system and secure support, this Nike sneaker is a great choice for enthusiasts.",4.3,135,"US 7, US 8, US 8.5, US 9, US 9.5, US 10, US 10.5, US 11, US 12",Light Bone,Men,2026-05-24 23:19:22,2026-05-24 23:19:22
SP2221,"Nike Mad 90 Pack ""Tiempo""Men's Long-Sleeve Jersey",Nike,Sneakers,2210000.0,2590000.0,"https://static.nike.com/a/images/t_web_pw_592_v2/f_auto/u_9ddf04c7-2a9a-4d76-add1-d15af8f0263d,c_scale,fl_relative,w_1.0,h_1.0,fl_layer_apply/2f097473-c320-4992-aefc-11480ef80a72/M+NSW+FAMLY+REUNN+LS+JSY.png",105,AVAILABLE,"Featuring premium materials and signature Nike design details, this sneaker delivers excellent impact protection and unmatched comfort.",4.6,21,"US 7, US 8, US 8.5, US 9, US 9.5, US 10, US 10.5, US 11, US 12",Shadow,Men,2026-05-24 23:19:22,2026-05-24 23:19:22
SP2222,Nike TechMen's Woven Shorts,Nike,Clothing,2340000.0,2640000.0,"https://static.nike.com/a/images/t_web_pw_592_v2/f_auto/u_9ddf04c7-2a9a-4d76-add1-d15af8f0263d,c_scale,fl_relative,w_1.0,h_1.0,fl_layer_apply/4e8e59dd-d656-40df-8cd0-fa7a33b302e3/M+NK+DF+TECH+WVN+SHORT.png",62,AVAILABLE,"Featuring premium materials and signature Nike design details, this sneaker delivers excellent impact protection and unmatched comfort.",4.4,96,"US 7, US 8, US 8.5, US 9, US 9.5, US 10, US 10.5, US 11, US 12",Shadow,Men,2026-05-24 23:19:22,2026-05-24 23:19:22
SP2223,"Nike Mad 90 Pack ""Laser 90""Men's Woven Jacket",Nike,Clothing,2990000.0,3720000.0,"https://static.nike.com/a/images/t_web_pw_592_v2/f_auto/u_9ddf04c7-2a9a-4d76-add1-d15af8f0263d,c_scale,fl_relative,w_1.0,h_1.0,fl_layer_apply/8daf4d78-687e-4772-b0a5-0c02e4903b38/M+NK+WOVEN+JACKET+FR.png",84,AVAILABLE,"A historic Nike silhouette reimagined with a modern aesthetic, it showcases classic color-blocking that elevates any casual outfit.",4.5,149,"US 7, US 8, US 8.5, US 9, US 9.5, US 10, US 10.5, US 11, US 12",Grey Castlerock,Men,2026-05-24 23:19:22,2026-05-24 23:19:22
SP2224,Nike 24.7 PerfectStretchMen's Dri-FIT Regular Chino Pants,Nike,Clothing,3380000.0,,"https://static.nike.com/a/images/t_web_pw_592_v2/f_auto/u_9ddf04c7-2a9a-4d76-add1-d15af8f0263d,c_scale,fl_relative,w_1.0,h_1.0,fl_layer_apply/5ad15962-2d33-4f49-94ef-a515f38421cb/M+NK+DF+24.7+PS+CHINO+REG+PANT.png",77,AVAILABLE,"Designed for lightweight cushioning and everyday lifestyle wear, it provides a retro look while ensuring modern durability and flexibility.",4.6,126,"US 7, US 8, US 8.5, US 9, US 9.5, US 10, US 10.5, US 11, US 12",Triple White,Men,2026-05-24 23:19:22,2026-05-24 23:19:22
SP2225,Nike SportswearMen's T-Shirt,Nike,Clothing,1092000.0,,"https://static.nike.com/a/images/t_web_pw_592_v2/f_auto/u_9ddf04c7-2a9a-4d76-add1-d15af8f0263d,c_scale,fl_relative,w_1.0,h_1.0,fl_layer_apply/926f7371-d71b-4016-a4d8-1d209926288f/M+NSW+SS+MAX+90+TEE+FR+SU26.png",110,AVAILABLE,"Featuring premium materials and signature Nike design details, this sneaker delivers excellent impact protection and unmatched comfort.",4.7,79,"US 7, US 8, US 8.5, US 9, US 9.5, US 10, US 10.5, US 11, US 12",University Blue,Men,2026-05-24 23:19:22,2026-05-24 23:19:22
SP2226,Nike Tech HeliosMen's Dri-FIT Pants,Nike,Clothing,4030000.0,,"https://static.nike.com/a/images/t_web_pw_592_v2/f_auto/u_9ddf04c7-2a9a-4d76-add1-d15af8f0263d,c_scale,fl_relative,w_1.0,h_1.0,fl_layer_apply/0087dfe5-d862-4340-9601-d188c8b19b3f/M+NK+DF+TECH+HELIOS+SUN+PANT.png",48,AVAILABLE,"Designed for lightweight cushioning and everyday lifestyle wear, it provides a retro look while ensuring modern durability and flexibility.",4.7,38,"US 7, US 8, US 8.5, US 9, US 9.5, US 10, US 10.5, US 11, US 12",Blue/White,Men,2026-05-24 23:19:22,2026-05-24 23:19:22
SP2227,"Nike Mad 90 Pack ""Laser 90""Men's Jersey",Nike,Sneakers,2210000.0,,"https://static.nike.com/a/images/t_web_pw_592_v2/f_auto/u_9ddf04c7-2a9a-4d76-add1-d15af8f0263d,c_scale,fl_relative,w_1.0,h_1.0,fl_layer_apply/71fea8e4-2d00-449b-95df-7f9d83b9d667/M+NK+JERSEY+FR.png",83,AVAILABLE,"Engineered with a responsive midsole system and secure support, this Nike sneaker is a great choice for enthusiasts.",4.5,56,"US 7, US 8, US 8.5, US 9, US 9.5, US 10, US 10.5, US 11, US 12",Triple White,Men,2026-05-24 23:19:22,2026-05-24 23:19:22
SP2228,Nike Tech HeliosMen's Dri-FIT Shorts,Nike,Clothing,3380000.0,,"https://static.nike.com/a/images/t_web_pw_592_v2/f_auto/u_9ddf04c7-2a9a-4d76-add1-d15af8f0263d,c_scale,fl_relative,w_1.0,h_1.0,fl_layer_apply/67e05ae6-e373-45ce-b384-4633c6f2aee9/M+NK+DF+TECH+HELIOS+SUN+SHORT.png",94,AVAILABLE,"Engineered with a responsive midsole system and secure support, this Nike sneaker is a great choice for enthusiasts.",4.3,6,"US 7, US 8, US 8.5, US 9, US 9.5, US 10, US 10.5, US 11, US 12",Triple White,Men,2026-05-24 23:19:22,2026-05-24 23:19:22
SP2229,Nike SB IshodShort-Sleeve Jersey Top,Nike,Clothing,3510000.0,,https://static.nike.com/a/images/t_web_pw_592_v2/f_auto/dda7ed70-50d5-4041-a736-cdff9ee5773f/U+NK+SB+ISHOD+JRSY+TOP.png,52,AVAILABLE,"Engineered with a responsive midsole system and secure support, this Nike sneaker is a great choice for enthusiasts.",4.4,82,"US 7, US 8, US 8.5, US 9, US 9.5, US 10, US 10.5, US 11, US 12",Varsity Red/Black,Women,2026-05-24 23:19:22,2026-05-24 23:19:22
SP2230,Nike Sportswear ClubMen's Oversized Cargo Shorts,Nike,Clothing,1820000.0,,"https://static.nike.com/a/images/t_web_pw_592_v2/f_auto/u_9ddf04c7-2a9a-4d76-add1-d15af8f0263d,c_scale,fl_relative,w_1.0,h_1.0,fl_layer_apply/6545a6df-6c52-4909-a5ff-7b98486cf1ce/M+NK+CLUB+OS+CARGO+SHORT.png",83,AVAILABLE,"Engineered with a responsive midsole system and secure support, this Nike sneaker is a great choice for enthusiasts.",4.4,132,"US 7, US 8, US 8.5, US 9, US 9.5, US 10, US 10.5, US 11, US 12",Olive/Gum,Men,2026-05-24 23:19:22,2026-05-24 23:19:22
SP2231,Nike 24.7 PerfectStretchMen's Dri-FIT UV Button-Up Shirt,Nike,Clothing,2600000.0,,"https://static.nike.com/a/images/t_web_pw_592_v2/f_auto/u_9ddf04c7-2a9a-4d76-add1-d15af8f0263d,c_scale,fl_relative,w_1.0,h_1.0,fl_layer_apply/6284b8f6-4f5b-4f5f-b9cd-b3f993a805df/M+NK+DF+UV+24.7+PS+SS+BUTTN+UP.png",120,AVAILABLE,"Designed for lightweight cushioning and everyday lifestyle wear, it provides a retro look while ensuring modern durability and flexibility.",4.6,108,"US 7, US 8, US 8.5, US 9, US 9.5, US 10, US 10.5, US 11, US 12",Volt/Black,Men,2026-05-24 23:19:22,2026-05-24 23:19:22
SP2232,Nike 24.7 PerfectStretchMen's Dri-FIT Loose-Fit Chino Trousers,Nike,Sneakers,3380000.0,,"https://static.nike.com/a/images/t_web_pw_592_v2/f_auto/u_9ddf04c7-2a9a-4d76-add1-d15af8f0263d,c_scale,fl_relative,w_1.0,h_1.0,fl_layer_apply/607aecab-5eb3-426c-b609-258b17246519/M+NK+DF+24.7+PS+CHINO+RLX+PANT.png",37,AVAILABLE,"A historic Nike silhouette reimagined with a modern aesthetic, it showcases classic color-blocking that elevates any casual outfit.",4.5,108,"US 7, US 8, US 8.5, US 9, US 9.5, US 10, US 10.5, US 11, US 12",Triple White,Men,2026-05-24 23:19:22,2026-05-24 23:19:22
SP2233,Nike SportswearMen's Max90 T-Shirt,Nike,Clothing,1300000.0,,"https://static.nike.com/a/images/t_web_pw_592_v2/f_auto/u_9ddf04c7-2a9a-4d76-add1-d15af8f0263d,c_scale,fl_relative,w_1.0,h_1.0,fl_layer_apply/4a21a624-f86c-47d6-8552-43ff6b350df0/M+NSW+SS+MAX+90+TEE+HMETAL.png",38,AVAILABLE,"Engineered with a responsive midsole system and secure support, this Nike sneaker is a great choice for enthusiasts.",4.2,135,"US 7, US 8, US 8.5, US 9, US 9.5, US 10, US 10.5, US 11, US 12",Triple White,Men,2026-05-24 23:19:22,2026-05-24 23:19:22
SP2234,Nike ClubMen's Woven Cargo Shorts,Nike,Clothing,1820000.0,,https://static.nike.com/a/images/t_web_pw_592_v2/f_auto/3894f1fc-4ec8-4e52-997a-536250f15360/M+NK+CLUB+CARGO+SHORT.png,101,AVAILABLE,"Crafted with durable uppers and specialized traction, this Nike release blends legendary sportswear history with contemporary performance.",4.4,17,"US 7, US 8, US 8.5, US 9, US 9.5, US 10, US 10.5, US 11, US 12",Black/White,Men,2026-05-24 23:19:22,2026-05-24 23:19:22
SP2235,"Nike SB ""Sunset""Men's Dri-FIT Jacquard Skate Jersey",Nike,Sneakers,2210000.0,2790000.0,"https://static.nike.com/a/images/t_web_pw_592_v2/f_auto/u_9ddf04c7-2a9a-4d76-add1-d15af8f0263d,c_scale,fl_relative,w_1.0,h_1.0,fl_layer_apply/52119dee-4d1c-4c9c-826c-3217bca78159/M+NK+SB+DF+JACQ+JRSY+TOP+2+SSE.png",101,AVAILABLE,"Featuring premium materials and signature Nike design details, this sneaker delivers excellent impact protection and unmatched comfort.",4.5,6,"US 7, US 8, US 8.5, US 9, US 9.5, US 10, US 10.5, US 11, US 12",Shadow,Men,2026-05-24 23:19:22,2026-05-24 23:19:22
SP2236,"Nike Windrunner ""Sunset""Men's Lightweight Shorts",Nike,Clothing,1560000.0,,"https://static.nike.com/a/images/t_web_pw_592_v2/f_auto/u_9ddf04c7-2a9a-4d76-add1-d15af8f0263d,c_scale,fl_relative,w_1.0,h_1.0,fl_layer_apply/953e9826-568f-40f9-8254-c3bcd1163e4a/M+NK+WR+LTW+SHORT+SSET.png",105,AVAILABLE,"Crafted with durable uppers and specialized traction, this Nike release blends legendary sportswear history with contemporary performance.",4.6,87,"US 7, US 8, US 8.5, US 9, US 9.5, US 10, US 10.5, US 11, US 12",Multi-Color,Men,2026-05-24 23:19:22,2026-05-24 23:19:22
SP2237,Nike AirMen's Jersey,Nike,Sneakers,2080000.0,2560000.0,"https://static.nike.com/a/images/t_web_pw_592_v2/f_auto/u_9ddf04c7-2a9a-4d76-add1-d15af8f0263d,c_scale,fl_relative,w_1.0,h_1.0,fl_layer_apply/b8c2edf7-9028-4b09-a38a-dbfa32d37429/M+NK+AIR+FOOTBALL+AOP+JSY.png",117,AVAILABLE,"A historic Nike silhouette reimagined with a modern aesthetic, it showcases classic color-blocking that elevates any casual outfit.",4.2,39,"US 7, US 8, US 8.5, US 9, US 9.5, US 10, US 10.5, US 11, US 12",Cream/Sand,Men,2026-05-24 23:19:22,2026-05-24 23:19:22
SP2238,Nike AirMen's Woven Shorts,Nike,Clothing,1690000.0,2040000.0,"https://static.nike.com/a/images/t_web_pw_592_v2/f_auto/u_9ddf04c7-2a9a-4d76-add1-d15af8f0263d,c_scale,fl_relative,w_1.0,h_1.0,fl_layer_apply/f9b932d4-3e94-4755-be73-e62736436e64/M+NK+AIR+WVN+SHORT.png",92,AVAILABLE,"A historic Nike silhouette reimagined with a modern aesthetic, it showcases classic color-blocking that elevates any casual outfit.",4.7,41,"US 7, US 8, US 8.5, US 9, US 9.5, US 10, US 10.5, US 11, US 12",White/Black,Men,2026-05-24 23:19:22,2026-05-24 23:19:22
SP2239,"Nike Sportswear ""Sunset""Men's Short-Sleeve T-Shirt",Nike,Clothing,1222000.0,,"https://static.nike.com/a/images/t_web_pw_592_v2/f_auto/u_9ddf04c7-2a9a-4d76-add1-d15af8f0263d,c_scale,fl_relative,w_1.0,h_1.0,fl_layer_apply/034ca5f8-d9a2-417f-a4e2-f4572c728738/M+NSW+SS+MAX+90+TEE+SSET.png",83,AVAILABLE,"Featuring premium materials and signature Nike design details, this sneaker delivers excellent impact protection and unmatched comfort.",4.5,98,"US 7, US 8, US 8.5, US 9, US 9.5, US 10, US 10.5, US 11, US 12",Olive/Gum,Men,2026-05-24 23:19:22,2026-05-24 23:19:22
SP2240,Nike Sportswear ClubMen's Sport Shorts,Nike,Clothing,1430000.0,,"https://static.nike.com/a/images/t_web_pw_592_v2/f_auto/u_9ddf04c7-2a9a-4d76-add1-d15af8f0263d,c_scale,fl_relative,w_1.0,h_1.0,fl_layer_apply/79922781-3365-4f41-9b64-3bd21806738c/M+NK+CLUB+SPORT+SHORT.png",34,AVAILABLE,"Crafted with durable uppers and specialized traction, this Nike release blends legendary sportswear history with contemporary performance.",4.4,9,"US 7, US 8, US 8.5, US 9, US 9.5, US 10, US 10.5, US 11, US 12",Pine Green,Men,2026-05-24 23:19:22,2026-05-24 23:19:22
SP2241,Nike ClubMen's Fleece Shorts,Nike,Clothing,1690000.0,2120000.0,"https://static.nike.com/a/images/t_web_pw_592_v2/f_auto/u_9ddf04c7-2a9a-4d76-add1-d15af8f0263d,c_scale,fl_relative,w_1.0,h_1.0,fl_layer_apply/2f404d06-abef-4890-9b65-b364a5cdd86b/M+NK+CLUB+FLOW+BB+SHORT+CWASH.png",82,AVAILABLE,"Designed for lightweight cushioning and everyday lifestyle wear, it provides a retro look while ensuring modern durability and flexibility.",4.4,49,"US 7, US 8, US 8.5, US 9, US 9.5, US 10, US 10.5, US 11, US 12",Shadow,Men,2026-05-24 23:19:22,2026-05-24 23:19:22
SP2242,Nike Sportswear Premium EssentialsT-Shirt,Nike,Clothing,1300000.0,,"https://static.nike.com/a/images/t_web_pw_592_v2/f_auto/u_9ddf04c7-2a9a-4d76-add1-d15af8f0263d,c_scale,fl_relative,w_1.0,h_1.0,fl_layer_apply/cafd6a16-0b8c-4799-ba36-0f39e7b6701e/U+NSW+TEE+LSE+PREM+ORANGE.png",98,AVAILABLE,"Featuring premium materials and signature Nike design details, this sneaker delivers excellent impact protection and unmatched comfort.",4.6,28,"US 7, US 8, US 8.5, US 9, US 9.5, US 10, US 10.5, US 11, US 12",Red/White,Women,2026-05-24 23:19:22,2026-05-24 23:19:22
SP2243,Nike ClubMen's 3/4-Sleeve Raglan Top,Nike,Clothing,1430000.0,,"https://static.nike.com/a/images/t_web_pw_592_v2/f_auto/u_9ddf04c7-2a9a-4d76-add1-d15af8f0263d,c_scale,fl_relative,w_1.0,h_1.0,fl_layer_apply/a3eec255-f526-4f10-ade6-f8edb38c4294/M+NK+CLUB+3%2F4+RGLN+TOP+REISSUE.png",114,AVAILABLE,"A historic Nike silhouette reimagined with a modern aesthetic, it showcases classic color-blocking that elevates any casual outfit.",4.6,36,"US 7, US 8, US 8.5, US 9, US 9.5, US 10, US 10.5, US 11, US 12",Light Bone,Men,2026-05-24 23:19:22,2026-05-24 23:19:22
SP2244,Nike SBSkate T-Shirt,Nike,Clothing,1430000.0,1740000.0,"https://static.nike.com/a/images/t_web_pw_592_v2/f_auto/u_9ddf04c7-2a9a-4d76-add1-d15af8f0263d,c_scale,fl_relative,w_1.0,h_1.0,fl_layer_apply/ce542cee-e3f0-4296-ab7b-e6be5d8b01c2/U+NK+SB+TEE+LSE+TNY.png",98,AVAILABLE,"Featuring premium materials and signature Nike design details, this sneaker delivers excellent impact protection and unmatched comfort.",4.7,63,"US 7, US 8, US 8.5, US 9, US 9.5, US 10, US 10.5, US 11, US 12",Volt/Black,Men,2026-05-24 23:19:22,2026-05-24 23:19:22
SP2245,NikeMen's Golf T-Shirt,Nike,Clothing,1222000.0,,https://static.nike.com/a/images/t_web_pw_592_v2/f_auto/9a48877b-8062-4f08-b7d9-6ef7b4fbccf3/M+NK+TEE+LSE+GOLF+FW+HOOK.png,118,AVAILABLE,"A historic Nike silhouette reimagined with a modern aesthetic, it showcases classic color-blocking that elevates any casual outfit.",4.5,145,"US 7, US 8, US 8.5, US 9, US 9.5, US 10, US 10.5, US 11, US 12",University Blue,Men,2026-05-24 23:19:22,2026-05-24 23:19:22
SP2246,Nike AirT-Shirt,Nike,Clothing,1222000.0,,"https://static.nike.com/a/images/t_web_pw_592_v2/f_auto/u_9ddf04c7-2a9a-4d76-add1-d15af8f0263d,c_scale,fl_relative,w_1.0,h_1.0,fl_layer_apply/3abcae4d-8dd3-4c31-ad9c-5ab07efffa74/U+NSW+TEE+LSE+AIR+BOX.png",94,AVAILABLE,"A historic Nike silhouette reimagined with a modern aesthetic, it showcases classic color-blocking that elevates any casual outfit.",4.5,105,"US 7, US 8, US 8.5, US 9, US 9.5, US 10, US 10.5, US 11, US 12",Olive/Gum,Men,2026-05-24 23:19:22,2026-05-24 23:19:22
SP2247,"Nike Sportswear ""R9""Men's T-Shirt",Nike,Clothing,1300000.0,1530000.0,"https://static.nike.com/a/images/t_web_pw_592_v2/f_auto/u_9ddf04c7-2a9a-4d76-add1-d15af8f0263d,c_scale,fl_relative,w_1.0,h_1.0,fl_layer_apply/5f4fc264-b160-497e-99d2-fe1c929ead6e/RN+M+NSW+TEE+LSE+GFB+PHOTO.png",80,AVAILABLE,"Featuring premium materials and signature Nike design details, this sneaker delivers excellent impact protection and unmatched comfort.",4.5,112,"US 7, US 8, US 8.5, US 9, US 9.5, US 10, US 10.5, US 11, US 12",Cream/Sand,Men,2026-05-24 23:19:22,2026-05-24 23:19:22
SP2248,Nike SportswearT-Shirt,Nike,Clothing,1222000.0,1420000.0,"https://static.nike.com/a/images/t_web_pw_592_v2/f_auto/u_9ddf04c7-2a9a-4d76-add1-d15af8f0263d,c_scale,fl_relative,w_1.0,h_1.0,fl_layer_apply/0503898a-e350-49b4-b964-16fa11180ee6/U+NSW+TEE+LSE+DUNK+DIP+DYE.png",92,AVAILABLE,"Engineered with a responsive midsole system and secure support, this Nike sneaker is a great choice for enthusiasts.",4.6,63,"US 7, US 8, US 8.5, US 9, US 9.5, US 10, US 10.5, US 11, US 12",Triple White,Women,2026-05-24 23:19:22,2026-05-24 23:19:22
SP2249,Nike LifeMen's Midweight Crew,Nike,Sneakers,2730000.0,3320000.0,"https://static.nike.com/a/images/t_web_pw_592_v2/f_auto/u_9ddf04c7-2a9a-4d76-add1-d15af8f0263d,c_scale,fl_relative,w_1.0,h_1.0,fl_layer_apply/87dfbc89-ce0d-4f85-82fc-be298174954b/M+NL+MIDWEIGHT+GFX+CREW.png",83,AVAILABLE,"Featuring premium materials and signature Nike design details, this sneaker delivers excellent impact protection and unmatched comfort.",4.7,53,"US 7, US 8, US 8.5, US 9, US 9.5, US 10, US 10.5, US 11, US 12",Grey Castlerock,Men,2026-05-24 23:19:22,2026-05-24 23:19:22
SP2250,Nike PrimaryMen's Dri-FIT Short-Sleeve Versatile Top,Nike,Clothing,1560000.0,1830000.0,"https://static.nike.com/a/images/t_web_pw_592_v2/f_auto/u_9ddf04c7-2a9a-4d76-add1-d15af8f0263d,c_scale,fl_relative,w_1.0,h_1.0,fl_layer_apply/e88ddbbc-05ea-4f00-aa62-79bf90e9e4d0/M+NK+DF+PRIMARY+STMT+SS.png",20,AVAILABLE,"Crafted with durable uppers and specialized traction, this Nike release blends legendary sportswear history with contemporary performance.",4.9,115,"US 7, US 8, US 8.5, US 9, US 9.5, US 10, US 10.5, US 11, US 12",Triple Black,Men,2026-05-24 23:19:22,2026-05-24 23:19:22
SP2251,Nike ClubMen's Balloon Pants,Nike,Clothing,2600000.0,,"https://static.nike.com/a/images/t_web_pw_592_v2/f_auto/u_9ddf04c7-2a9a-4d76-add1-d15af8f0263d,c_scale,fl_relative,w_1.0,h_1.0,fl_layer_apply/99ecfd11-71fb-4259-8b0e-92bc23235c44/M+NK+CLUB+BALLOON+PANT.png",26,AVAILABLE,"Designed for lightweight cushioning and everyday lifestyle wear, it provides a retro look while ensuring modern durability and flexibility.",4.7,39,"US 7, US 8, US 8.5, US 9, US 9.5, US 10, US 10.5, US 11, US 12",Varsity Red/Black,Men,2026-05-24 23:19:22,2026-05-24 23:19:22
SP2252,Nike Sportswear ClubMen's Woven Cargo Pants,Nike,Clothing,2730000.0,,https://static.nike.com/a/images/t_web_pw_592_v2/f_auto/8bb5863c-8bdd-4b6d-b80d-153ccc5cea26/M+NK+CLUB+WVN+CARGO+PANT+CLCTN.png,98,AVAILABLE,"Designed for lightweight cushioning and everyday lifestyle wear, it provides a retro look while ensuring modern durability and flexibility.",4.6,92,"US 7, US 8, US 8.5, US 9, US 9.5, US 10, US 10.5, US 11, US 12",Grey/White,Men,2026-05-24 23:19:22,2026-05-24 23:19:22
SP2253,Nike WindrunnerMen's Lined Pants,Nike,Clothing,2340000.0,,"https://static.nike.com/a/images/t_web_pw_592_v2/f_auto/u_9ddf04c7-2a9a-4d76-add1-d15af8f0263d,c_scale,fl_relative,w_1.0,h_1.0,fl_layer_apply/2f5d626c-bf04-4799-b936-734e49e86ed8/M+NK+WR+LND+PANT+26.png",109,AVAILABLE,"Featuring premium materials and signature Nike design details, this sneaker delivers excellent impact protection and unmatched comfort.",4.8,62,"US 7, US 8, US 8.5, US 9, US 9.5, US 10, US 10.5, US 11, US 12",Blue/White,Men,2026-05-24 23:19:22,2026-05-24 23:19:22
SP2254,Nike TechMen's Dri-FIT Shori Knit Pants,Nike,Clothing,2990000.0,3710000.0,https://static.nike.com/a/images/t_web_pw_592_v2/f_auto/811b689b-3e91-4f3f-9658-2d555723eaa6/M+NK+TECH+SHORI+KNIT+DRILL+PNT.png,42,AVAILABLE,"A historic Nike silhouette reimagined with a modern aesthetic, it showcases classic color-blocking that elevates any casual outfit.",4.8,90,"US 7, US 8, US 8.5, US 9, US 9.5, US 10, US 10.5, US 11, US 12",Light Bone,Men,2026-05-24 23:19:22,2026-05-24 23:19:22
SP2255,Nike TechMen's Fleece Joggers,Nike,Clothing,3120000.0,,"https://static.nike.com/a/images/t_web_pw_592_v2/f_auto/u_9ddf04c7-2a9a-4d76-add1-d15af8f0263d,c_scale,fl_relative,w_1.0,h_1.0,fl_layer_apply/b144f3d3-e203-42ea-9fa7-c844a07a03cb/M+NK+TCH+FLC+JGGR.png",66,AVAILABLE,"A historic Nike silhouette reimagined with a modern aesthetic, it showcases classic color-blocking that elevates any casual outfit.",4.3,8,"US 7, US 8, US 8.5, US 9, US 9.5, US 10, US 10.5, US 11, US 12",Grey/White,Men,2026-05-24 23:19:22,2026-05-24 23:19:22
SP2256,Nike ClubMen's Woven Tapered Pants,Nike,Clothing,1950000.0,2430000.0,"https://static.nike.com/a/images/t_web_pw_592_v2/f_auto/u_9ddf04c7-2a9a-4d76-add1-d15af8f0263d,c_scale,fl_relative,w_1.0,h_1.0,fl_layer_apply/fc966b1c-5409-4e92-b49d-899d8c1f62ab/M+NK+CLUB+WVN+TAPER+PANT.png",68,AVAILABLE,"Crafted with durable uppers and specialized traction, this Nike release blends legendary sportswear history with contemporary performance.",4.6,21,"US 7, US 8, US 8.5, US 9, US 9.5, US 10, US 10.5, US 11, US 12",Sail/Navy,Men,2026-05-24 23:19:22,2026-05-24 23:19:22
SP2257,Nike Standard IssueMen's Therma-FIT Brushed Open-Hem Basketball Pants,Nike,Clothing,2210000.0,,https://static.nike.com/a/images/t_web_pw_592_v2/f_auto/f0ce0f52-67ff-4fe2-a7a3-25939ebc8373/M+NK+TF+SI+BRSH+OPEN+HEM+PANT.png,102,AVAILABLE,"Engineered with a responsive midsole system and secure support, this Nike sneaker is a great choice for enthusiasts.",4.7,119,"US 7, US 8, US 8.5, US 9, US 9.5, US 10, US 10.5, US 11, US 12",Pine Green,Men,2026-05-24 23:19:22,2026-05-24 23:19:22
SP2258,Nike TechMen's Color-Block Open-Hem Fleece Pants,Nike,Clothing,3640000.0,,"https://static.nike.com/a/images/t_web_pw_592_v2/f_auto/u_9ddf04c7-2a9a-4d76-add1-d15af8f0263d,c_scale,fl_relative,w_1.0,h_1.0,fl_layer_apply/7ca8b783-dab7-45e3-b09f-6df4cf274a65/M+NK+TECH+FLC+PRO+CB+OH+PANT.png",111,AVAILABLE,"Engineered with a responsive midsole system and secure support, this Nike sneaker is a great choice for enthusiasts.",4.2,56,"US 7, US 8, US 8.5, US 9, US 9.5, US 10, US 10.5, US 11, US 12",Shadow,Men,2026-05-24 23:19:22,2026-05-24 23:19:22
SP2259,Nike AirMen's Woven Pants,Nike,Clothing,2990000.0,,"https://static.nike.com/a/images/t_web_pw_592_v2/f_auto/u_9ddf04c7-2a9a-4d76-add1-d15af8f0263d,c_scale,fl_relative,w_1.0,h_1.0,fl_layer_apply/611f0b23-aec0-4a04-ad72-bf841f5e3635/M+NK+AIR+WVN+AOP+PANT+TL.png",75,AVAILABLE,"A historic Nike silhouette reimagined with a modern aesthetic, it showcases classic color-blocking that elevates any casual outfit.",4.4,118,"US 7, US 8, US 8.5, US 9, US 9.5, US 10, US 10.5, US 11, US 12",Pine Green,Men,2026-05-24 23:19:22,2026-05-24 23:19:22
SP2260,Nike Sportswear ClubMen's Lightweight Pants,Nike,Clothing,2340000.0,,https://static.nike.com/a/images/t_web_pw_592_v2/f_auto/0c0ed7b9-c73a-434e-a27d-9854ddda63bd/M+NK+CLUB+LTWT+PANT+CTB.png,46,AVAILABLE,"A historic Nike silhouette reimagined with a modern aesthetic, it showcases classic color-blocking that elevates any casual outfit.",4.7,40,"US 7, US 8, US 8.5, US 9, US 9.5, US 10, US 10.5, US 11, US 12",Triple White,Men,2026-05-24 23:19:22,2026-05-24 23:19:22
SP2261,Nike ClubMen's Pants,Nike,Clothing,2210000.0,2870000.0,"https://static.nike.com/a/images/t_web_pw_592_v2/f_auto/u_9ddf04c7-2a9a-4d76-add1-d15af8f0263d,c_scale,fl_relative,w_1.0,h_1.0,fl_layer_apply/1bca4a1f-db2d-406a-a9af-2d630f454dfa/M+NK+CLUB+BARCELONA+PANT.png",60,AVAILABLE,"A historic Nike silhouette reimagined with a modern aesthetic, it showcases classic color-blocking that elevates any casual outfit.",4.5,70,"US 7, US 8, US 8.5, US 9, US 9.5, US 10, US 10.5, US 11, US 12",Triple Black,Men,2026-05-24 23:19:22,2026-05-24 23:19:22
SP2262,Nike ClubMen's Joggers,Nike,Clothing,1690000.0,2100000.0,https://static.nike.com/a/images/t_web_pw_592_v2/f_auto/d25f3f1d-caf4-44bd-aece-f5585925935b/M+NK+CLUB+BB+JOGGER.png,25,AVAILABLE,"Featuring premium materials and signature Nike design details, this sneaker delivers excellent impact protection and unmatched comfort.",4.7,60,"US 7, US 8, US 8.5, US 9, US 9.5, US 10, US 10.5, US 11, US 12",Varsity Red/Black,Men,2026-05-24 23:19:22,2026-05-24 23:19:22
SP2263,Nike ClubMen's Woven Cargo Pants,Nike,Clothing,2730000.0,,https://static.nike.com/a/images/t_web_pw_592_v2/f_auto/293347a8-a0b2-411e-b1e0-8edb1df7997d/M+NK+CLUB+WVN+CARGO+PANT+UF.png,108,AVAILABLE,"Featuring premium materials and signature Nike design details, this sneaker delivers excellent impact protection and unmatched comfort.",4.2,134,"US 7, US 8, US 8.5, US 9, US 9.5, US 10, US 10.5, US 11, US 12",Blue/White,Men,2026-05-24 23:19:22,2026-05-24 23:19:22
SP2264,NOCTAMen's Fleece CS Pants,Nike,Clothing,2860000.0,3300000.0,"https://static.nike.com/a/images/t_web_pw_592_v2/f_auto/u_9ddf04c7-2a9a-4d76-add1-d15af8f0263d,c_scale,fl_relative,w_1.0,h_1.0,fl_layer_apply/524808c3-8690-407d-89a1-5f1ecf65d0c9/M+NRG+NOCTA+CS+PNT+FLC+WASH.png",76,AVAILABLE,"Crafted with durable uppers and specialized traction, this Nike release blends legendary sportswear history with contemporary performance.",4.6,47,"US 7, US 8, US 8.5, US 9, US 9.5, US 10, US 10.5, US 11, US 12",Shadow,Men,2026-05-24 23:19:22,2026-05-24 23:19:22
SP2265,NOCTAMen's Open-Hem Fleece CS Pants,Nike,Clothing,2860000.0,,"https://static.nike.com/a/images/t_web_pw_592_v2/f_auto/u_9ddf04c7-2a9a-4d76-add1-d15af8f0263d,c_scale,fl_relative,w_1.0,h_1.0,fl_layer_apply/4564fdb4-8620-45de-b7e6-2ada23e92fa1/M+NRG+NOCTA+CS+PNTFLCOH+WSH.png",70,AVAILABLE,"Crafted with durable uppers and specialized traction, this Nike release blends legendary sportswear history with contemporary performance.",4.8,139,"US 7, US 8, US 8.5, US 9, US 9.5, US 10, US 10.5, US 11, US 12",Multi-Color,Men,2026-05-24 23:19:22,2026-05-24 23:19:22
SP2266,Nike TechMen's Woven Pants,Nike,Clothing,3250000.0,,https://static.nike.com/a/images/t_web_pw_592_v2/f_auto/b36f3d86-4346-41c8-ba7e-9cb0972d3f71/M+NK+DF+TCH+WVN+OH+PANT.png,109,AVAILABLE,"Crafted with durable uppers and specialized traction, this Nike release blends legendary sportswear history with contemporary performance.",4.6,73,"US 7, US 8, US 8.5, US 9, US 9.5, US 10, US 10.5, US 11, US 12",Multi-Color,Men,2026-05-24 23:19:22,2026-05-24 23:19:22
SP2267,Nike LifeMen's Wide-Leg Pants,Nike,Clothing,3120000.0,3970000.0,https://static.nike.com/a/images/t_web_pw_592_v2/f_auto/ee8c889b-612a-4468-a33d-09753ff06159/M+NL+WIDE+LEG+PANT.png,110,AVAILABLE,"Engineered with a responsive midsole system and secure support, this Nike sneaker is a great choice for enthusiasts.",4.7,110,"US 7, US 8, US 8.5, US 9, US 9.5, US 10, US 10.5, US 11, US 12",Black/White,Men,2026-05-24 23:19:22,2026-05-24 23:19:22
SP2268,Nike TechMen's Dri-FIT Shori Knit Utility Pants,Nike,Clothing,4290000.0,5460000.0,https://static.nike.com/a/images/t_web_pw_592_v2/f_auto/f7bc5bb4-6350-4a66-9774-8667c3430b6a/M+NK+TCH+SHORI+MM+UTLTY+PANT.png,72,AVAILABLE,"Crafted with durable uppers and specialized traction, this Nike release blends legendary sportswear history with contemporary performance.",4.3,146,"US 7, US 8, US 8.5, US 9, US 9.5, US 10, US 10.5, US 11, US 12",University Blue,Men,2026-05-24 23:19:22,2026-05-24 23:19:22
SP2269,Nike Tailwind 12Sunglasses,Nike,Accessories,2574000.0,,https://static.nike.com/a/images/t_web_pw_592_v2/f_auto/c0fb05f1-7995-4d0e-81e1-189e67fbeb19/Nike+Tailwind+12.png,96,AVAILABLE,"Crafted with durable uppers and specialized traction, this Nike release blends legendary sportswear history with contemporary performance.",4.7,104,"US 7, US 8, US 8.5, US 9, US 9.5, US 10, US 10.5, US 11, US 12",Shadow,Men,2026-05-24 23:19:22,2026-05-24 23:19:22
SP2270,Nike Flyfree Shield EngineeredRoad Tint,Nike,Sneakers,5980000.0,,"https://static.nike.com/a/images/t_web_pw_592_v2/f_auto/u_9ddf04c7-2a9a-4d76-add1-d15af8f0263d,c_scale,fl_relative,w_1.0,h_1.0,fl_layer_apply/14b32c98-0e55-4037-b651-79040ec6bbe5/NIKE+FLYFREE+SHIELD+TEAM.png",92,AVAILABLE,"Featuring premium materials and signature Nike design details, this sneaker delivers excellent impact protection and unmatched comfort.",4.2,105,"US 7, US 8, US 8.5, US 9, US 9.5, US 10, US 10.5, US 11, US 12",Olive/Gum,Women,2026-05-24 23:19:22,2026-05-24 23:19:22
SP2271,"Nike DNA “Worn to be Wild”Poster 22"" x 34""",Nike,Sneakers,520000.0,,"https://static.nike.com/a/images/t_web_pw_592_v2/f_auto/u_9ddf04c7-2a9a-4d76-add1-d15af8f0263d,c_scale,fl_relative,w_1.0,h_1.0,fl_layer_apply/bb525efa-7857-4908-8a10-c0bd7a7ff6fd/Nike+ACG+Worn+To+Be+Wild.png",83,AVAILABLE,"Engineered with a responsive midsole system and secure support, this Nike sneaker is a great choice for enthusiasts.",4.4,69,"US 7, US 8, US 8.5, US 9, US 9.5, US 10, US 10.5, US 11, US 12",White/Black,Unisex,2026-05-24 23:19:22,2026-05-24 23:19:22
SP2272,Nike x Beats Powerbeats Pro 2Earbuds,Nike,Accessories,6499740.0,,"https://static.nike.com/a/images/t_web_pw_592_v2/f_auto/u_9ddf04c7-2a9a-4d76-add1-d15af8f0263d,c_scale,fl_relative,w_1.0,h_1.0,fl_layer_apply/d7032da5-28c7-463e-b89d-165ff2ad66a5/Powerbeats+Pro+2.png",44,AVAILABLE,"Engineered with a responsive midsole system and secure support, this Nike sneaker is a great choice for enthusiasts.",4.7,47,"US 7, US 8, US 8.5, US 9, US 9.5, US 10, US 10.5, US 11, US 12",Multi-Color,Men,2026-05-24 23:19:22,2026-05-24 23:19:22
SP2273,Nike CaddyGolf Towel,Nike,Accessories,936000.0,,"https://static.nike.com/a/images/t_web_pw_592_v2/f_auto/u_9ddf04c7-2a9a-4d76-add1-d15af8f0263d,c_scale,fl_relative,w_1.0,h_1.0,fl_layer_apply/3713155a-9f81-44f5-8e24-0e98897d0f1f/NK+CADDY+GOLF+TOWEL+2.0+GRAPHI.png",69,AVAILABLE,"A historic Nike silhouette reimagined with a modern aesthetic, it showcases classic color-blocking that elevates any casual outfit.",4.5,144,"US 7, US 8, US 8.5, US 9, US 9.5, US 10, US 10.5, US 11, US 12",Pine Green,Women,2026-05-24 23:19:22,2026-05-24 23:19:22
SP2274,Nike Everyday ElevatedMicro-Crew Socks (2 Pairs),Nike,Accessories,624000.0,,"https://static.nike.com/a/images/t_web_pw_592_v2/f_auto/u_9ddf04c7-2a9a-4d76-add1-d15af8f0263d,c_scale,fl_relative,w_1.0,h_1.0,fl_layer_apply/328f26b0-3bb5-4618-b3b3-1d8cb74f24b9/U+NK+ED+ELVD+MCRW+2P+SCLP+-144.png",59,AVAILABLE,"A historic Nike silhouette reimagined with a modern aesthetic, it showcases classic color-blocking that elevates any casual outfit.",4.6,40,"US 7, US 8, US 8.5, US 9, US 9.5, US 10, US 10.5, US 11, US 12",Bred,Men,2026-05-24 23:19:22,2026-05-24 23:19:22
SP2275,Nike Everyday ElevatedCrew Socks (2 Pairs),Nike,Accessories,624000.0,720000.0,"https://static.nike.com/a/images/t_web_pw_592_v2/f_auto/u_9ddf04c7-2a9a-4d76-add1-d15af8f0263d,c_scale,fl_relative,w_1.0,h_1.0,fl_layer_apply/09bcbc1c-716f-4cff-b7e1-1bdb5024c1ef/U+NK+ED+ELVD+CRW+2P+JDI+-+144.png",92,AVAILABLE,"A historic Nike silhouette reimagined with a modern aesthetic, it showcases classic color-blocking that elevates any casual outfit.",4.6,90,"US 7, US 8, US 8.5, US 9, US 9.5, US 10, US 10.5, US 11, US 12",Sail/Navy,Men,2026-05-24 23:19:22,2026-05-24 23:19:22
SP2276,Nike ClubUnstructured Futura Wash Cap,Nike,Accessories,728000.0,,"https://static.nike.com/a/images/t_web_pw_592_v2/f_auto/u_9ddf04c7-2a9a-4d76-add1-d15af8f0263d,c_scale,fl_relative,w_1.0,h_1.0,fl_layer_apply/0cbd74f8-0549-4633-95bd-94ff55c785ba/U+NK+CLUB+CAP+U+CB+FUT+WSH+L.png",85,AVAILABLE,"Engineered with a responsive midsole system and secure support, this Nike sneaker is a great choice for enthusiasts.",4.9,80,"US 7, US 8, US 8.5, US 9, US 9.5, US 10, US 10.5, US 11, US 12",Bred,Men,2026-05-24 23:19:22,2026-05-24 23:19:22
SP2277,Nike RiseStructured Trucker Cap,Nike,Accessories,780000.0,990000.0,"https://static.nike.com/a/images/t_web_pw_592_v2/f_auto/u_9ddf04c7-2a9a-4d76-add1-d15af8f0263d,c_scale,fl_relative,w_1.0,h_1.0,fl_layer_apply/e70fba82-b8ac-4571-9dd8-ec72400f5d59/U+NK+RISE+CAP+S+CB+SWSH+TKR+L.png",62,AVAILABLE,"Designed for lightweight cushioning and everyday lifestyle wear, it provides a retro look while ensuring modern durability and flexibility.",4.2,43,"US 7, US 8, US 8.5, US 9, US 9.5, US 10, US 10.5, US 11, US 12",Light Bone,Men,2026-05-24 23:19:22,2026-05-24 23:19:22
SP2278,Nike Varsity EliteBackpack (32L),Nike,Accessories,2470000.0,,"https://static.nike.com/a/images/t_web_pw_592_v2/f_auto/u_9ddf04c7-2a9a-4d76-add1-d15af8f0263d,c_scale,fl_relative,w_1.0,h_1.0,fl_layer_apply/a0b8169f-fcba-4c21-aa42-968b80dbc373/NK+VARSITY+ELITE+BKPK.png",81,AVAILABLE,"Designed for lightweight cushioning and everyday lifestyle wear, it provides a retro look while ensuring modern durability and flexibility.",4.5,105,"US 7, US 8, US 8.5, US 9, US 9.5, US 10, US 10.5, US 11, US 12",Light Bone,Men,2026-05-24 23:19:22,2026-05-24 23:19:22
SP2279,Nike HeritageBackpack 2.0 (23L),Nike,Accessories,1040000.0,1180000.0,"https://static.nike.com/a/images/t_web_pw_592_v2/f_auto/u_9ddf04c7-2a9a-4d76-add1-d15af8f0263d,c_scale,fl_relative,w_1.0,h_1.0,fl_layer_apply/c40684f8-d7a2-4cee-871a-266875b23d2e/NK+HERITAGE+BACKPACK+2.0.png",42,AVAILABLE,"A historic Nike silhouette reimagined with a modern aesthetic, it showcases classic color-blocking that elevates any casual outfit.",4.6,89,"US 7, US 8, US 8.5, US 9, US 9.5, US 10, US 10.5, US 11, US 12",Triple White,Women,2026-05-24 23:19:22,2026-05-24 23:19:22
SP2280,Nike Everyday ElevatedOver-the-Calf Socks (2 Pairs),Nike,Accessories,624000.0,790000.0,"https://static.nike.com/a/images/t_web_pw_592_v2/f_auto/u_9ddf04c7-2a9a-4d76-add1-d15af8f0263d,c_scale,fl_relative,w_1.0,h_1.0,fl_layer_apply/be8ec896-95c4-4ef7-9b1e-8283d18bc53c/U+NK+ED+ELVD+OTC+2P+-+144.png",120,AVAILABLE,"A historic Nike silhouette reimagined with a modern aesthetic, it showcases classic color-blocking that elevates any casual outfit.",4.5,36,"US 7, US 8, US 8.5, US 9, US 9.5, US 10, US 10.5, US 11, US 12",Volt/Black,Men,2026-05-24 23:19:22,2026-05-24 23:19:22
SP2281,Nike CommuteCrossbody Bag (1L),Nike,Accessories,962000.0,,"https://static.nike.com/a/images/t_web_pw_592_v2/f_auto/u_9ddf04c7-2a9a-4d76-add1-d15af8f0263d,c_scale,fl_relative,w_1.0,h_1.0,fl_layer_apply/a4dc0005-117f-44ad-8f51-3d59e3169c98/NK+NSW+COMMUTE+CROSSBODY.png",96,AVAILABLE,"Crafted with durable uppers and specialized traction, this Nike release blends legendary sportswear history with contemporary performance.",4.2,129,"US 7, US 8, US 8.5, US 9, US 9.5, US 10, US 10.5, US 11, US 12",Multi-Color,Men,2026-05-24 23:19:22,2026-05-24 23:19:22
SP2282,Nike CommuteSling Bag (9L),Nike,Accessories,1950000.0,,"https://static.nike.com/a/images/t_web_pw_592_v2/f_auto/u_9ddf04c7-2a9a-4d76-add1-d15af8f0263d,c_scale,fl_relative,w_1.0,h_1.0,fl_layer_apply/7409d42e-a939-459b-8913-2a4e2a50b6c7/NK+NSW+COMMUTE+SLING+BAG.png",86,AVAILABLE,"Engineered with a responsive midsole system and secure support, this Nike sneaker is a great choice for enthusiasts.",4.9,115,"US 7, US 8, US 8.5, US 9, US 9.5, US 10, US 10.5, US 11, US 12",Varsity Red/Black,Men,2026-05-24 23:19:22,2026-05-24 23:19:22
SP2283,Nike Sportswear CommuteBackpack (25L),Nike,Accessories,2470000.0,,"https://static.nike.com/a/images/t_web_pw_592_v2/f_auto/u_9ddf04c7-2a9a-4d76-add1-d15af8f0263d,c_scale,fl_relative,w_1.0,h_1.0,fl_layer_apply/445e5947-89ee-4680-b509-9a93e5669485/NK+NSW+COMMUTE+BKPK.png",34,AVAILABLE,"A historic Nike silhouette reimagined with a modern aesthetic, it showcases classic color-blocking that elevates any casual outfit.",4.6,61,"US 7, US 8, US 8.5, US 9, US 9.5, US 10, US 10.5, US 11, US 12",Grey Castlerock,Unisex,2026-05-24 23:19:22,2026-05-24 23:19:22
SP2284,Nike Heritage CrystalCrossbody Bag (4L),Nike,Accessories,962000.0,,"https://static.nike.com/a/images/t_web_pw_592_v2/f_auto/u_9ddf04c7-2a9a-4d76-add1-d15af8f0263d,c_scale,fl_relative,w_1.0,h_1.0,fl_layer_apply/15a2f42d-4dbf-45a1-bcdc-8d7c0adc858f/NK+HERITAGE+CRYSTAL+CB.png",68,AVAILABLE,"Crafted with durable uppers and specialized traction, this Nike release blends legendary sportswear history with contemporary performance.",4.7,61,"US 7, US 8, US 8.5, US 9, US 9.5, US 10, US 10.5, US 11, US 12",Shadow,Men,2026-05-24 23:19:22,2026-05-24 23:19:22
SP2285,Nike UnicornDri-FIT ADV Cushioned Ankle Socks (1 Pair),Nike,Accessories,624000.0,750000.0,"https://static.nike.com/a/images/t_web_pw_592_v2/f_auto/u_9ddf04c7-2a9a-4d76-add1-d15af8f0263d,c_scale,fl_relative,w_1.0,h_1.0,fl_layer_apply/5beef7fd-2940-4603-98fd-fb68ec9f7902/U+NK+UNICORN+CSH+AKL+1PR+-+160.png",101,AVAILABLE,"Engineered with a responsive midsole system and secure support, this Nike sneaker is a great choice for enthusiasts.",4.8,145,"US 7, US 8, US 8.5, US 9, US 9.5, US 10, US 10.5, US 11, US 12",Varsity Red/Black,Men,2026-05-24 23:19:22,2026-05-24 23:19:22
SP2286,Nike UnicornDri-FIT ADV Cushioned Crew Socks (1 Pair),Nike,Accessories,676000.0,,"https://static.nike.com/a/images/t_web_pw_592_v2/f_auto/u_9ddf04c7-2a9a-4d76-add1-d15af8f0263d,c_scale,fl_relative,w_1.0,h_1.0,fl_layer_apply/7a529577-a454-469f-8738-3a2530e274ef/U+NK+UNICORN+CSH+CRW+1PR+-+160.png",119,AVAILABLE,"Crafted with durable uppers and specialized traction, this Nike release blends legendary sportswear history with contemporary performance.",4.4,31,"US 7, US 8, US 8.5, US 9, US 9.5, US 10, US 10.5, US 11, US 12",University Blue,Men,2026-05-24 23:19:22,2026-05-24 23:19:22
SP2287,Nike Show X3 FlyfreeField Tint,Nike,Sneakers,6500000.0,,"https://static.nike.com/a/images/t_web_pw_592_v2/f_auto/u_9ddf04c7-2a9a-4d76-add1-d15af8f0263d,c_scale,fl_relative,w_1.0,h_1.0,fl_layer_apply/335678e8-861f-4b29-bd69-88a45d6eaa51/Nike+Show+X3+FlyFree.png",96,AVAILABLE,"A historic Nike silhouette reimagined with a modern aesthetic, it showcases classic color-blocking that elevates any casual outfit.",4.8,73,"US 7, US 8, US 8.5, US 9, US 9.5, US 10, US 10.5, US 11, US 12",Multi-Color,Unisex,2026-05-24 23:19:22,2026-05-24 23:19:22
SP2288,Nike Prima ArcSunglasses,Nike,Accessories,4134000.0,,"https://static.nike.com/a/images/t_web_pw_592_v2/f_auto/u_9ddf04c7-2a9a-4d76-add1-d15af8f0263d,c_scale,fl_relative,w_1.0,h_1.0,fl_layer_apply/e49f46bc-ae7f-444e-a792-8013400207db/Nike+Prima+Arc.png",19,AVAILABLE,"Crafted with durable uppers and specialized traction, this Nike release blends legendary sportswear history with contemporary performance.",4.9,16,"US 7, US 8, US 8.5, US 9, US 9.5, US 10, US 10.5, US 11, US 12",Grey Castlerock,Unisex,2026-05-24 23:19:22,2026-05-24 23:19:22
SP2289,Nike ClubUnstructured Cap,Nike,Accessories,728000.0,,"https://static.nike.com/a/images/t_web_pw_592_v2/f_auto/u_9ddf04c7-2a9a-4d76-add1-d15af8f0263d,c_scale,fl_relative,w_1.0,h_1.0,fl_layer_apply/9974bc01-29fc-4bcb-9332-be978a7ef5eb/U+NK+CLUB+CAP+U+CB+SM+SWSH+L.png",30,AVAILABLE,"Designed for lightweight cushioning and everyday lifestyle wear, it provides a retro look while ensuring modern durability and flexibility.",4.6,102,"US 7, US 8, US 8.5, US 9, US 9.5, US 10, US 10.5, US 11, US 12",Sail/Navy,Men,2026-05-24 23:19:22,2026-05-24 23:19:22
SP2290,Nike Everyday ElevatedCrew Socks (3 Pairs),Nike,Accessories,728000.0,930000.0,"https://static.nike.com/a/images/t_web_pw_592_v2/f_auto/u_9ddf04c7-2a9a-4d76-add1-d15af8f0263d,c_scale,fl_relative,w_1.0,h_1.0,fl_layer_apply/e5a52092-2e55-4800-b281-448e3cb01628/U+NK+ED+ELVD+CRW+3P+SWHEMB+144.png",40,AVAILABLE,"Crafted with durable uppers and specialized traction, this Nike release blends legendary sportswear history with contemporary performance.",4.3,11,"US 7, US 8, US 8.5, US 9, US 9.5, US 10, US 10.5, US 11, US 12",Volt/Black,Men,2026-05-24 23:19:22,2026-05-24 23:19:22
SP2291,Nike AuraCrossbody Bag (5L),Nike,Accessories,1222000.0,,"https://static.nike.com/a/images/t_web_pw_592_v2/f_auto/u_9ddf04c7-2a9a-4d76-add1-d15af8f0263d,c_scale,fl_relative,w_1.0,h_1.0,fl_layer_apply/6f8f2c7e-37ae-4a3c-bd37-5dafb03f9f98/NK+AURA+CROSSBODY.png",30,AVAILABLE,"Crafted with durable uppers and specialized traction, this Nike release blends legendary sportswear history with contemporary performance.",4.2,92,"US 7, US 8, US 8.5, US 9, US 9.5, US 10, US 10.5, US 11, US 12",Multi-Color,Men,2026-05-24 23:19:22,2026-05-24 23:19:22
SP2292,Nike OneTote Bag (25L),Nike,Accessories,2990000.0,,"https://static.nike.com/a/images/t_web_pw_592_v2/f_auto/u_9ddf04c7-2a9a-4d76-add1-d15af8f0263d,c_scale,fl_relative,w_1.0,h_1.0,fl_layer_apply/50856747-d1a5-4824-b493-b21d6b96e896/NK+ONE+TOTE.png",101,AVAILABLE,"Designed for lightweight cushioning and everyday lifestyle wear, it provides a retro look while ensuring modern durability and flexibility.",4.8,67,"US 7, US 8, US 8.5, US 9, US 9.5, US 10, US 10.5, US 11, US 12",Volt/Black,Women,2026-05-24 23:19:22,2026-05-24 23:19:22
SP2293,Nike Vomero PlusWomen's Road Running Shoes,Nike,Sneakers,4940000.0,,"https://static.nike.com/a/images/t_web_pw_592_v2/f_auto/u_9ddf04c7-2a9a-4d76-add1-d15af8f0263d,c_scale,fl_relative,w_1.0,h_1.0,fl_layer_apply/7bfe5ba7-7709-4102-8e5f-114c479af0d5/W+NIKE+VOMERO+PLUS.png",116,AVAILABLE,"Featuring premium materials and signature Nike design details, this sneaker delivers excellent impact protection and unmatched comfort.",4.7,81,"US 7, US 8, US 8.5, US 9, US 9.5, US 10, US 10.5, US 11, US 12",Sail/Navy,Women,2026-05-24 23:19:22,2026-05-24 23:19:22
SP2294,Nike Dunk LowWomen's Shoes,Nike,Sneakers,3120000.0,,"https://static.nike.com/a/images/t_web_pw_592_v2/f_auto/u_9ddf04c7-2a9a-4d76-add1-d15af8f0263d,c_scale,fl_relative,w_1.0,h_1.0,fl_layer_apply/4a87f57b-6a65-48cb-9005-f6f6deecf5c5/W+NIKE+DUNK+LOW.png",44,AVAILABLE,"Crafted with durable uppers and specialized traction, this Nike release blends legendary sportswear history with contemporary performance.",4.2,131,"US 7, US 8, US 8.5, US 9, US 9.5, US 10, US 10.5, US 11, US 12",Varsity Red/Black,Women,2026-05-24 23:19:22,2026-05-24 23:19:22
SP2295,NikeSKIMS Rift MeshWomen's Shoes,Nike,Sneakers,3900000.0,,"https://static.nike.com/a/images/t_web_pw_592_v2/f_auto/u_9ddf04c7-2a9a-4d76-add1-d15af8f0263d,c_scale,fl_relative,w_1.0,h_1.0,fl_layer_apply/30b1a65d-020a-41d3-87bc-6571b14e53f3/NIKESKIMS+RIFT+MESH.png",110,AVAILABLE,"Designed for lightweight cushioning and everyday lifestyle wear, it provides a retro look while ensuring modern durability and flexibility.",4.6,94,"US 7, US 8, US 8.5, US 9, US 9.5, US 10, US 10.5, US 11, US 12",Red/White,Women,2026-05-24 23:19:22,2026-05-24 23:19:22
SP2296,Nike Air Max 270Women's Shoes,Nike,Sneakers,4420000.0,,"https://static.nike.com/a/images/t_web_pw_592_v2/f_auto/u_9ddf04c7-2a9a-4d76-add1-d15af8f0263d,c_scale,fl_relative,w_1.0,h_1.0,fl_layer_apply/58960efa-4761-41e9-90b3-aaea87bcf185/W+NIKE+AIR+MAX+270.png",42,AVAILABLE,"Crafted with durable uppers and specialized traction, this Nike release blends legendary sportswear history with contemporary performance.",4.3,104,"US 7, US 8, US 8.5, US 9, US 9.5, US 10, US 10.5, US 11, US 12",University Blue,Women,2026-05-24 23:19:22,2026-05-24 23:19:22
SP2297,Nike Air More Uptempo SEWomen's Shoes,Nike,Sneakers,4160000.0,5000000.0,"https://static.nike.com/a/images/t_web_pw_592_v2/f_auto/u_9ddf04c7-2a9a-4d76-add1-d15af8f0263d,c_scale,fl_relative,w_1.0,h_1.0,fl_layer_apply/695b5602-5f11-4ba4-8bf7-7ea1ab050e6f/W+AIR+MORE+UPTEMPO+SE.png",55,AVAILABLE,"Crafted with durable uppers and specialized traction, this Nike release blends legendary sportswear history with contemporary performance.",4.8,84,"US 7, US 8, US 8.5, US 9, US 9.5, US 10, US 10.5, US 11, US 12",University Blue,Women,2026-05-24 23:19:22,2026-05-24 23:19:22
SP2298,Nike Air Force 1 '07Women's Shoes,Nike,Sneakers,3510000.0,,"https://static.nike.com/a/images/t_web_pw_592_v2/f_auto/u_9ddf04c7-2a9a-4d76-add1-d15af8f0263d,c_scale,fl_relative,w_1.0,h_1.0,fl_layer_apply/9cc31f09-6a84-4ea0-8dc4-6e7ef385f8bf/W+AIR+FORCE+1+%2707.png",29,AVAILABLE,"Designed for lightweight cushioning and everyday lifestyle wear, it provides a retro look while ensuring modern durability and flexibility.",4.8,100,"US 7, US 8, US 8.5, US 9, US 9.5, US 10, US 10.5, US 11, US 12",Red/White,Women,2026-05-24 23:19:22,2026-05-24 23:19:22
SP2299,Nike Tennis ClassicWomen's Shoes,Nike,Sneakers,2730000.0,3490000.0,"https://static.nike.com/a/images/t_web_pw_592_v2/f_auto/u_9ddf04c7-2a9a-4d76-add1-d15af8f0263d,c_scale,fl_relative,w_1.0,h_1.0,fl_layer_apply/aef4b7a6-a65b-4c16-81cd-88a86bd833b9/W+TENNIS+CLASSIC+CS.png",41,AVAILABLE,"Crafted with durable uppers and specialized traction, this Nike release blends legendary sportswear history with contemporary performance.",4.5,19,"US 7, US 8, US 8.5, US 9, US 9.5, US 10, US 10.5, US 11, US 12",Cream/Sand,Women,2026-05-24 23:19:22,2026-05-24 23:19:22
SP2300,Nike Free Metcon 7Women's Training Shoes,Nike,Sneakers,3250000.0,,"https://static.nike.com/a/images/t_web_pw_592_v2/f_auto/u_9ddf04c7-2a9a-4d76-add1-d15af8f0263d,c_scale,fl_relative,w_1.0,h_1.0,fl_layer_apply/d28b0435-ddaf-4982-ad04-11a00dc39cd8/W+NIKE+FREE+METCON+7.png",97,AVAILABLE,"Crafted with durable uppers and specialized traction, this Nike release blends legendary sportswear history with contemporary performance.",4.8,13,"US 7, US 8, US 8.5, US 9, US 9.5, US 10, US 10.5, US 11, US 12",Bred,Women,2026-05-24 23:19:22,2026-05-24 23:19:22
SP2301,Nike Air Force 1 Retro PremiumWomen's Shoes,Nike,Sneakers,3250000.0,,"https://static.nike.com/a/images/t_web_pw_592_v2/f_auto/u_9ddf04c7-2a9a-4d76-add1-d15af8f0263d,c_scale,fl_relative,w_1.0,h_1.0,fl_layer_apply/97058bc0-1086-49cf-bab0-16e4f6979ce9/W++AIR+FORCE+1+RETRO+PRM.png",42,AVAILABLE,"A historic Nike silhouette reimagined with a modern aesthetic, it showcases classic color-blocking that elevates any casual outfit.",4.4,18,"US 7, US 8, US 8.5, US 9, US 9.5, US 10, US 10.5, US 11, US 12",Volt/Black,Women,2026-05-24 23:19:22,2026-05-24 23:19:22
SP2302,Nike Zoom GP Challenge 1.5 PRMWomen's Hard Court Tennis Shoes,Nike,Sneakers,4680000.0,,"https://static.nike.com/a/images/t_web_pw_592_v2/f_auto/u_9ddf04c7-2a9a-4d76-add1-d15af8f0263d,c_scale,fl_relative,w_1.0,h_1.0,fl_layer_apply/c0f1469d-4155-4319-a426-e545ef908568/W+ZOOM+GP+CHALLENGE+1.5+HC+PRM.png",88,AVAILABLE,"Designed for lightweight cushioning and everyday lifestyle wear, it provides a retro look while ensuring modern durability and flexibility.",4.3,81,"US 7, US 8, US 8.5, US 9, US 9.5, US 10, US 10.5, US 11, US 12",Blue/White,Women,2026-05-24 23:19:22,2026-05-24 23:19:22
SP2303,Jordan Trunner FlowWomen's Shoes,Jordan,Sneakers,2210000.0,,"https://static.nike.com/a/images/t_web_pw_592_v2/f_auto/u_126ab356-44d8-4a06-89b4-fcdcc8df0245,c_scale,fl_relative,w_1.0,h_1.0,fl_layer_apply/93c4de4f-c876-4da5-8b34-b16fb1261411/WMNS+JORDAN+TRUNNER+FLOW.png",47,AVAILABLE,"Crafted with durable uppers and specialized traction, this Jordan release blends legendary sportswear history with contemporary performance.",4.3,40,"US 7, US 8, US 8.5, US 9, US 9.5, US 10, US 10.5, US 11, US 12",Light Bone,Women,2026-05-24 23:19:22,2026-05-24 23:19:22
SP2304,Nike Air Max 270 PremiumWomen's Shoes,Nike,Sneakers,4680000.0,,"https://static.nike.com/a/images/t_web_pw_592_v2/f_auto/u_9ddf04c7-2a9a-4d76-add1-d15af8f0263d,c_scale,fl_relative,w_1.0,h_1.0,fl_layer_apply/f250c281-95d4-4ccc-9b1e-7c63056b1984/W+AIR+MAX+270+PREMIUM.png",76,AVAILABLE,"Featuring premium materials and signature Nike design details, this sneaker delivers excellent impact protection and unmatched comfort.",4.4,108,"US 7, US 8, US 8.5, US 9, US 9.5, US 10, US 10.5, US 11, US 12",Volt/Black,Women,2026-05-24 23:19:22,2026-05-24 23:19:22
SP2305,Nike Air Max DN8 Be True By YouCustom Shoes,Nike,Sneakers,5720000.0,,"https://static.nike.com/a/images/t_web_pw_592_v2/f_auto/u_9ddf04c7-2a9a-4d76-add1-d15af8f0263d,c_scale,fl_relative,w_1.0,h_1.0,fl_layer_apply/2dd5bb86-abc0-4454-86b6-55a99d5f703b/AIR+MAX+DN8+BE+TRUE+NBY.png",69,AVAILABLE,"Engineered with a responsive midsole system and secure support, this Nike sneaker is a great choice for enthusiasts.",4.3,7,"US 7, US 8, US 8.5, US 9, US 9.5, US 10, US 10.5, US 11, US 12",Grey/White,Men,2026-05-24 23:19:22,2026-05-24 23:19:22
SP2306,Nike Free Metcon 7 Be True By YouCustom Shoes,Nike,Sneakers,3770000.0,,"https://static.nike.com/a/images/t_web_pw_592_v2/f_auto/u_9ddf04c7-2a9a-4d76-add1-d15af8f0263d,c_scale,fl_relative,w_1.0,h_1.0,fl_layer_apply/fb1a9102-2f9e-43c5-80c1-abfdbd5b30b9/NIKE+FREE+METCON+7+BE+TRUE+NBY.png",95,AVAILABLE,"A historic Nike silhouette reimagined with a modern aesthetic, it showcases classic color-blocking that elevates any casual outfit.",4.6,119,"US 7, US 8, US 8.5, US 9, US 9.5, US 10, US 10.5, US 11, US 12",Black/White,Unisex,2026-05-24 23:19:22,2026-05-24 23:19:22
SP2307,Nike Vomero Plus By Brett ChodyCustom Women's Road Running Shoes,Nike,Sneakers,5200000.0,6640000.0,"https://static.nike.com/a/images/t_web_pw_592_v2/f_auto/u_9ddf04c7-2a9a-4d76-add1-d15af8f0263d,c_scale,fl_relative,w_1.0,h_1.0,fl_layer_apply/3d3f3483-370b-4fbf-be38-92bfdcfab9a6/W+NIKE+VOMERO+PLUS+NBY.png",88,AVAILABLE,"Featuring premium materials and signature Nike design details, this sneaker delivers excellent impact protection and unmatched comfort.",4.4,15,"US 7, US 8, US 8.5, US 9, US 9.5, US 10, US 10.5, US 11, US 12",Cream/Sand,Women,2026-05-24 23:19:22,2026-05-24 23:19:22
SP2308,Nike PacificWomen's Shoes,Nike,Sneakers,2210000.0,,"https://static.nike.com/a/images/t_web_pw_592_v2/f_auto/u_9ddf04c7-2a9a-4d76-add1-d15af8f0263d,c_scale,fl_relative,w_1.0,h_1.0,fl_layer_apply/453f2e00-32bf-438a-9c7f-04f4b2551281/W+NIKE+PACIFIC.png",100,AVAILABLE,"Designed for lightweight cushioning and everyday lifestyle wear, it provides a retro look while ensuring modern durability and flexibility.",4.9,78,"US 7, US 8, US 8.5, US 9, US 9.5, US 10, US 10.5, US 11, US 12",University Blue,Women,2026-05-24 23:19:22,2026-05-24 23:19:22
SP2309,Nike Sprint SisterWomen's Shoes,Nike,Sneakers,2470000.0,,"https://static.nike.com/a/images/t_web_pw_592_v2/f_auto/u_9ddf04c7-2a9a-4d76-add1-d15af8f0263d,c_scale,fl_relative,w_1.0,h_1.0,fl_layer_apply/26dd72d6-d2b9-44a8-a5cb-81ab1e9a5b01/W+NIKE+SPRINT+SISTER.png",84,AVAILABLE,"Engineered with a responsive midsole system and secure support, this Nike sneaker is a great choice for enthusiasts.",4.7,129,"US 7, US 8, US 8.5, US 9, US 9.5, US 10, US 10.5, US 11, US 12",Cream/Sand,Women,2026-05-24 23:19:22,2026-05-24 23:19:22
SP2310,Nike Zoom Vomero 5Women's Shoes,Nike,Sneakers,4420000.0,5170000.0,"https://static.nike.com/a/images/t_web_pw_592_v2/f_auto/u_9ddf04c7-2a9a-4d76-add1-d15af8f0263d,c_scale,fl_relative,w_1.0,h_1.0,fl_layer_apply/d904b4f9-5916-4f8e-a547-70001a2e194e/W+NIKE+ZOOM+VOMERO+5.png",54,AVAILABLE,"A historic Nike silhouette reimagined with a modern aesthetic, it showcases classic color-blocking that elevates any casual outfit.",4.8,127,"US 7, US 8, US 8.5, US 9, US 9.5, US 10, US 10.5, US 11, US 12",Light Bone,Women,2026-05-24 23:19:22,2026-05-24 23:19:22
SP2311,Nike V5 RNR SuedeWomen's Shoes,Nike,Sneakers,2600000.0,,"https://static.nike.com/a/images/t_web_pw_592_v2/f_auto/u_9ddf04c7-2a9a-4d76-add1-d15af8f0263d,c_scale,fl_relative,w_1.0,h_1.0,fl_layer_apply/3eac89f6-bf2d-4813-86ca-a5da57ece6ab/W+NIKE+V5+RNR+SUEDE+XLPD.png",95,AVAILABLE,"Engineered with a responsive midsole system and secure support, this Nike sneaker is a great choice for enthusiasts.",4.8,33,"US 7, US 8, US 8.5, US 9, US 9.5, US 10, US 10.5, US 11, US 12",University Blue,Women,2026-05-24 23:19:22,2026-05-24 23:19:22
SP2312,Nike Air Max Moto 2KWomen's Shoes with Reflective Accents,Nike,Sneakers,3510000.0,,"https://static.nike.com/a/images/t_web_pw_592_v2/f_auto/u_9ddf04c7-2a9a-4d76-add1-d15af8f0263d,c_scale,fl_relative,w_1.0,h_1.0,fl_layer_apply/eccd3c6c-0fd0-41c8-b73f-03f71195e715/W+NIKE+AIR+MAX+MOTO+2K.png",54,AVAILABLE,"A historic Nike silhouette reimagined with a modern aesthetic, it showcases classic color-blocking that elevates any casual outfit.",4.5,69,"US 7, US 8, US 8.5, US 9, US 9.5, US 10, US 10.5, US 11, US 12",Multi-Color,Women,2026-05-24 23:19:22,2026-05-24 23:19:22
SP2313,Nike Shox TLWomen's Shoes,Nike,Sneakers,4940000.0,,"https://static.nike.com/a/images/t_web_pw_592_v2/f_auto/u_9ddf04c7-2a9a-4d76-add1-d15af8f0263d,c_scale,fl_relative,w_1.0,h_1.0,fl_layer_apply/ea508f1c-0a42-458f-b009-3fda639a579c/W+NIKE+SHOX+TL.png",119,AVAILABLE,"Engineered with a responsive midsole system and secure support, this Nike sneaker is a great choice for enthusiasts.",4.6,115,"US 7, US 8, US 8.5, US 9, US 9.5, US 10, US 10.5, US 11, US 12",Navy/White,Women,2026-05-24 23:19:22,2026-05-24 23:19:22
SP2314,Nike Astrograbber TextileWomen's Shoes,Nike,Sneakers,3250000.0,4020000.0,"https://static.nike.com/a/images/t_web_pw_592_v2/f_auto/u_9ddf04c7-2a9a-4d76-add1-d15af8f0263d,c_scale,fl_relative,w_1.0,h_1.0,fl_layer_apply/49de28b6-5e03-45a2-8a66-8f707e7012c0/W+NIKE+ASTROGRABBER+TXT+FMME.png",45,AVAILABLE,"A historic Nike silhouette reimagined with a modern aesthetic, it showcases classic color-blocking that elevates any casual outfit.",4.8,68,"US 7, US 8, US 8.5, US 9, US 9.5, US 10, US 10.5, US 11, US 12",Sail/Navy,Women,2026-05-24 23:19:22,2026-05-24 23:19:22
SP2315,Nike Field GeneralWomen's Shoes,Nike,Sneakers,3250000.0,,"https://static.nike.com/a/images/t_web_pw_592_v2/f_auto/u_9ddf04c7-2a9a-4d76-add1-d15af8f0263d,c_scale,fl_relative,w_1.0,h_1.0,fl_layer_apply/11d38182-f173-4b00-a0e7-85cab105e6ff/WMNS+NIKE+FIELD+GENERAL.png",89,AVAILABLE,"Featuring premium materials and signature Nike design details, this sneaker delivers excellent impact protection and unmatched comfort.",4.3,145,"US 7, US 8, US 8.5, US 9, US 9.5, US 10, US 10.5, US 11, US 12",Bred,Women,2026-05-24 23:19:22,2026-05-24 23:19:22
SP2316,Nike Air Max HaloWomen's Shoes,Nike,Sneakers,2730000.0,3340000.0,"https://static.nike.com/a/images/t_web_pw_592_v2/f_auto/u_9ddf04c7-2a9a-4d76-add1-d15af8f0263d,c_scale,fl_relative,w_1.0,h_1.0,fl_layer_apply/da5912cb-f527-4f81-b3a9-ef0466e571a6/W+AIR+MAX+HALO.png",53,AVAILABLE,"Designed for lightweight cushioning and everyday lifestyle wear, it provides a retro look while ensuring modern durability and flexibility.",4.5,148,"US 7, US 8, US 8.5, US 9, US 9.5, US 10, US 10.5, US 11, US 12",White/Black,Women,2026-05-24 23:19:22,2026-05-24 23:19:22
SP2317,Nike Air RiftWomen's Shoes,Nike,Sneakers,3250000.0,,"https://static.nike.com/a/images/t_web_pw_592_v2/f_auto/u_9ddf04c7-2a9a-4d76-add1-d15af8f0263d,c_scale,fl_relative,w_1.0,h_1.0,fl_layer_apply/81056602-15cc-48b4-996c-134a31b7df2b/WMNS+NIKE+AIR++RIFT+NEO.png",22,AVAILABLE,"Crafted with durable uppers and specialized traction, this Nike release blends legendary sportswear history with contemporary performance.",4.4,79,"US 7, US 8, US 8.5, US 9, US 9.5, US 10, US 10.5, US 11, US 12",Light Bone,Women,2026-05-24 23:19:22,2026-05-24 23:19:22
SP2318,Nike Air Rift BreatheWomen's Shoes,Nike,Sneakers,3250000.0,3850000.0,"https://static.nike.com/a/images/t_web_pw_592_v2/f_auto/u_9ddf04c7-2a9a-4d76-add1-d15af8f0263d,c_scale,fl_relative,w_1.0,h_1.0,fl_layer_apply/th8zr5cpwhu0o61vp5vo/WMNS+NIKE+AIR+RIFT+BR.png",46,AVAILABLE,"Designed for lightweight cushioning and everyday lifestyle wear, it provides a retro look while ensuring modern durability and flexibility.",4.5,22,"US 7, US 8, US 8.5, US 9, US 9.5, US 10, US 10.5, US 11, US 12",Olive/Gum,Women,2026-05-24 23:19:22,2026-05-24 23:19:22
SP2319,Nike Court Vision LowWomen's Shoes,Nike,Sneakers,2340000.0,2750000.0,"https://static.nike.com/a/images/t_web_pw_592_v2/f_auto/u_9ddf04c7-2a9a-4d76-add1-d15af8f0263d,c_scale,fl_relative,w_1.0,h_1.0,fl_layer_apply/3a76c1fd-533d-4713-87e7-ed5e3050d66e/W+NIKE+COURT+VISION+LO+LE.png",88,AVAILABLE,"Engineered with a responsive midsole system and secure support, this Nike sneaker is a great choice for enthusiasts.",4.4,83,"US 7, US 8, US 8.5, US 9, US 9.5, US 10, US 10.5, US 11, US 12",Olive/Gum,Women,2026-05-24 23:19:22,2026-05-24 23:19:22
SP2320,Nike Air Force 1 '07 SEWomen's Shoes,Nike,Sneakers,2990000.0,3350000.0,"https://static.nike.com/a/images/t_web_pw_592_v2/f_auto/u_9ddf04c7-2a9a-4d76-add1-d15af8f0263d,c_scale,fl_relative,w_1.0,h_1.0,fl_layer_apply/44a81733-4797-409c-97d6-eea61d0b7fe8/W+AIR+FORCE+1+%2707+SE.png",56,AVAILABLE,"A historic Nike silhouette reimagined with a modern aesthetic, it showcases classic color-blocking that elevates any casual outfit.",4.9,91,"US 7, US 8, US 8.5, US 9, US 9.5, US 10, US 10.5, US 11, US 12",Red/White,Women,2026-05-24 23:19:22,2026-05-24 23:19:22
SP2321,Air Force 1 '07 WNBA 30thWomen's Shoes,Nike,Sneakers,3250000.0,,"https://static.nike.com/a/images/t_web_pw_592_v2/f_auto/u_9ddf04c7-2a9a-4d76-add1-d15af8f0263d,c_scale,fl_relative,w_1.0,h_1.0,fl_layer_apply/b44b7252-37f0-4a55-9b13-f0938e4d6b74/WMNS+AIR+FORCE+1+%2707.png",81,AVAILABLE,"Crafted with durable uppers and specialized traction, this Nike release blends legendary sportswear history with contemporary performance.",4.6,76,"US 7, US 8, US 8.5, US 9, US 9.5, US 10, US 10.5, US 11, US 12",Grey Castlerock,Women,2026-05-24 23:19:22,2026-05-24 23:19:22
SP2322,Nike Dunk Low WNBA 30thWomen's Shoes,Nike,Sneakers,3380000.0,4260000.0,"https://static.nike.com/a/images/t_web_pw_592_v2/f_auto/u_9ddf04c7-2a9a-4d76-add1-d15af8f0263d,c_scale,fl_relative,w_1.0,h_1.0,fl_layer_apply/ddc2f6c0-0e3d-42aa-9917-5605bc422c78/W+NIKE+DUNK+LOW.png",18,AVAILABLE,"Designed for lightweight cushioning and everyday lifestyle wear, it provides a retro look while ensuring modern durability and flexibility.",4.8,135,"US 7, US 8, US 8.5, US 9, US 9.5, US 10, US 10.5, US 11, US 12",Bred,Women,2026-05-24 23:19:22,2026-05-24 23:19:22
SP2323,Nike Shox ZWomen's Shoes,Nike,Sneakers,3770000.0,,"https://static.nike.com/a/images/t_web_pw_592_v2/f_auto/u_9ddf04c7-2a9a-4d76-add1-d15af8f0263d,c_scale,fl_relative,w_1.0,h_1.0,fl_layer_apply/b6769e66-4ef4-472a-a588-b4fd412e0c06/W+NIKE+SHOX+Z.png",53,AVAILABLE,"Featuring premium materials and signature Nike design details, this sneaker delivers excellent impact protection and unmatched comfort.",4.7,99,"US 7, US 8, US 8.5, US 9, US 9.5, US 10, US 10.5, US 11, US 12",University Blue,Women,2026-05-24 23:19:22,2026-05-24 23:19:22
SP2324,Jordan WillowWomen's Sandals,Jordan,Sneakers,1690000.0,2160000.0,"https://static.nike.com/a/images/t_web_pw_592_v2/f_auto/u_126ab356-44d8-4a06-89b4-fcdcc8df0245,c_scale,fl_relative,w_1.0,h_1.0,fl_layer_apply/d9819ca5-8bbd-4f72-b84c-e474a87d7557/WMNS+JORDAN+WILLOW+SANDAL.png",44,AVAILABLE,"A historic Jordan silhouette reimagined with a modern aesthetic, it showcases classic color-blocking that elevates any casual outfit.",4.5,6,"US 7, US 8, US 8.5, US 9, US 9.5, US 10, US 10.5, US 11, US 12",Pine Green,Women,2026-05-24 23:19:22,2026-05-24 23:19:22
SP2325,Air Jordan OGWomen's Shoes,Jordan,Sneakers,4030000.0,4730000.0,"https://static.nike.com/a/images/t_web_pw_592_v2/f_auto/u_126ab356-44d8-4a06-89b4-fcdcc8df0245,c_scale,fl_relative,w_1.0,h_1.0,fl_layer_apply/9182e205-25fa-4334-a02e-7eee463f895a/WMNS+AIR+JORDAN+OG.png",106,AVAILABLE,"Designed for lightweight cushioning and everyday lifestyle wear, it provides a retro look while ensuring modern durability and flexibility.",4.6,59,"US 7, US 8, US 8.5, US 9, US 9.5, US 10, US 10.5, US 11, US 12",Varsity Red/Black,Women,2026-05-24 23:19:22,2026-05-24 23:19:22
SP2326,Jordan Trunner LXWomen's Shoes,Jordan,Sneakers,3510000.0,,"https://static.nike.com/a/images/t_web_pw_592_v2/f_auto/u_126ab356-44d8-4a06-89b4-fcdcc8df0245,c_scale,fl_relative,w_1.0,h_1.0,fl_layer_apply/7b9e0bd6-96af-4c15-a148-10eb2ca995a4/WMNS+JORDAN+TRUNNER+LX.png",60,AVAILABLE,"A historic Jordan silhouette reimagined with a modern aesthetic, it showcases classic color-blocking that elevates any casual outfit.",4.5,53,"US 7, US 8, US 8.5, US 9, US 9.5, US 10, US 10.5, US 11, US 12",Sail/Navy,Women,2026-05-24 23:19:22,2026-05-24 23:19:22
SP2327,"Air Jordan 11 Low ""Mother's Day""Women's Shoes",Jordan,Sneakers,5070000.0,6020000.0,"https://static.nike.com/a/images/t_web_pw_592_v2/f_auto/u_126ab356-44d8-4a06-89b4-fcdcc8df0245,c_scale,fl_relative,w_1.0,h_1.0,fl_layer_apply/8dd04efe-4caa-4279-a0ae-2188dc0764ec/WMNS+AIR+JORDAN+11+RETRO+LOW.png",25,AVAILABLE,"Designed for lightweight cushioning and everyday lifestyle wear, it provides a retro look while ensuring modern durability and flexibility.",4.3,42,"US 7, US 8, US 8.5, US 9, US 9.5, US 10, US 10.5, US 11, US 12",Black/White,Women,2026-05-24 23:19:22,2026-05-24 23:19:22
SP2328,Air Jordan 1 LowWomen's Shoes,Jordan,Sneakers,3640000.0,,"https://static.nike.com/a/images/t_web_pw_592_v2/f_auto/u_126ab356-44d8-4a06-89b4-fcdcc8df0245,c_scale,fl_relative,w_1.0,h_1.0,fl_layer_apply/41734a9a-06d5-40b0-aee7-eeb25cd4e435/WMNS+AIR+JORDAN+1+LOW.png",71,AVAILABLE,"Designed for lightweight cushioning and everyday lifestyle wear, it provides a retro look while ensuring modern durability and flexibility.",4.5,60,"US 7, US 8, US 8.5, US 9, US 9.5, US 10, US 10.5, US 11, US 12",Bred,Women,2026-05-24 23:19:22,2026-05-24 23:19:22
SP2329,Air Jordan Skyline LowWomen's Shoes,Jordan,Sneakers,2730000.0,3500000.0,"https://static.nike.com/a/images/t_web_pw_592_v2/f_auto/u_126ab356-44d8-4a06-89b4-fcdcc8df0245,c_scale,fl_relative,w_1.0,h_1.0,fl_layer_apply/09c0974e-90ff-486e-9a4c-a9b08793e9b9/WMNS+AIR+JORDAN+SKYLINE+LOW.png",28,AVAILABLE,"A historic Jordan silhouette reimagined with a modern aesthetic, it showcases classic color-blocking that elevates any casual outfit.",4.6,120,"US 7, US 8, US 8.5, US 9, US 9.5, US 10, US 10.5, US 11, US 12",Blue/White,Women,2026-05-24 23:19:22,2026-05-24 23:19:22
SP2330,"Air Jordan 3 Retro ""White and Orange Peel""Women's Shoes",Jordan,Sneakers,5330000.0,,"https://static.nike.com/a/images/t_web_pw_592_v2/f_auto/u_126ab356-44d8-4a06-89b4-fcdcc8df0245,c_scale,fl_relative,w_1.0,h_1.0,fl_layer_apply/01f84eae-cfb0-43cb-b8c2-b353bd399fd9/WMNS+AIR+JORDAN+3+RETRO.png",18,AVAILABLE,"Engineered with a responsive midsole system and secure support, this Jordan sneaker is a great choice for enthusiasts.",4.2,71,"US 7, US 8, US 8.5, US 9, US 9.5, US 10, US 10.5, US 11, US 12",Light Bone,Women,2026-05-24 23:19:22,2026-05-24 23:19:22
SP2331,Jordan Trunner O/SWomen's Shoes,Jordan,Sneakers,2990000.0,3800000.0,"https://static.nike.com/a/images/t_web_pw_592_v2/f_auto/u_126ab356-44d8-4a06-89b4-fcdcc8df0245,c_scale,fl_relative,w_1.0,h_1.0,fl_layer_apply/cbf96de0-99fe-4a5d-8198-4a27b2c3d252/WMNS+JORDAN+TRUNNER+O%2FS.png",20,AVAILABLE,"A historic Jordan silhouette reimagined with a modern aesthetic, it showcases classic color-blocking that elevates any casual outfit.",4.5,72,"US 7, US 8, US 8.5, US 9, US 9.5, US 10, US 10.5, US 11, US 12",University Blue,Women,2026-05-24 23:19:22,2026-05-24 23:19:22
SP2332,Air Jordan 1 Low SEWomen's Shoes,Jordan,Sneakers,3380000.0,4270000.0,"https://static.nike.com/a/images/t_web_pw_592_v2/f_auto/u_126ab356-44d8-4a06-89b4-fcdcc8df0245,c_scale,fl_relative,w_1.0,h_1.0,fl_layer_apply/f100c2fc-5af1-449b-8ae9-686cdebbd9c8/WMNS+AIR+JORDAN+1+LOW+SE.png",32,AVAILABLE,"A historic Jordan silhouette reimagined with a modern aesthetic, it showcases classic color-blocking that elevates any casual outfit.",4.6,77,"US 7, US 8, US 8.5, US 9, US 9.5, US 10, US 10.5, US 11, US 12",Olive/Gum,Women,2026-05-24 23:19:22,2026-05-24 23:19:22
SP2333,Air Jordan Mule SEWomen's Shoes,Jordan,Sneakers,4030000.0,,"https://static.nike.com/a/images/t_web_pw_592_v2/f_auto/u_126ab356-44d8-4a06-89b4-fcdcc8df0245,c_scale,fl_relative,w_1.0,h_1.0,fl_layer_apply/5128e770-70ac-417f-9b8a-cf930ad4dc47/WMNS+AIR+JORDAN+MULE+SE.png",49,AVAILABLE,"Engineered with a responsive midsole system and secure support, this Jordan sneaker is a great choice for enthusiasts.",4.3,61,"US 7, US 8, US 8.5, US 9, US 9.5, US 10, US 10.5, US 11, US 12",Volt/Black,Women,2026-05-24 23:19:22,2026-05-24 23:19:22
SP2334,Jordan Modero 1Women's Slides,Jordan,Sneakers,2470000.0,3160000.0,"https://static.nike.com/a/images/t_web_pw_592_v2/f_auto/u_126ab356-44d8-4a06-89b4-fcdcc8df0245,c_scale,fl_relative,w_1.0,h_1.0,fl_layer_apply/fzzkwm0otl7qh332zfe7/WMNS+JORDAN+MODERO+1.png",73,AVAILABLE,"Engineered with a responsive midsole system and secure support, this Jordan sneaker is a great choice for enthusiasts.",4.2,65,"US 7, US 8, US 8.5, US 9, US 9.5, US 10, US 10.5, US 11, US 12",Light Bone,Women,2026-05-24 23:19:22,2026-05-24 23:19:22
SP2335,Jordan NOLAWomen's Slides,Jordan,Sneakers,1300000.0,,"https://static.nike.com/a/images/t_web_pw_592_v2/f_auto/u_126ab356-44d8-4a06-89b4-fcdcc8df0245,c_scale,fl_relative,w_1.0,h_1.0,fl_layer_apply/6a7002f0-1cb7-4772-8846-a63a93f55d8a/WMNS+JORDAN+NOLA+SLIDE.png",44,AVAILABLE,"Engineered with a responsive midsole system and secure support, this Jordan sneaker is a great choice for enthusiasts.",4.9,72,"US 7, US 8, US 8.5, US 9, US 9.5, US 10, US 10.5, US 11, US 12",Blue/White,Women,2026-05-24 23:19:22,2026-05-24 23:19:22
SP2336,Jordan Sixty Plus LowWomen's Shoes,Jordan,Sneakers,4160000.0,,"https://static.nike.com/a/images/t_web_pw_592_v2/f_auto/u_126ab356-44d8-4a06-89b4-fcdcc8df0245,c_scale,fl_relative,w_1.0,h_1.0,fl_layer_apply/d0967477-0e21-432c-a781-4035251c1c4a/WMNS+JORDAN+SIXTY+PLUS+LOW.png",18,AVAILABLE,"Engineered with a responsive midsole system and secure support, this Jordan sneaker is a great choice for enthusiasts.",4.4,72,"US 7, US 8, US 8.5, US 9, US 9.5, US 10, US 10.5, US 11, US 12",Black/White,Women,2026-05-24 23:19:22,2026-05-24 23:19:22
SP2337,Nike Pegasus PremiumWomen's Road Running Shoes,Nike,Sneakers,5720000.0,6420000.0,"https://static.nike.com/a/images/t_web_pw_592_v2/f_auto/u_9ddf04c7-2a9a-4d76-add1-d15af8f0263d,c_scale,fl_relative,w_1.0,h_1.0,fl_layer_apply/e6319e40-f7c9-4d63-8cc9-7b7f4c3f496a/W+NIKE+PEGASUS+PREMIUM.png",56,AVAILABLE,"Featuring premium materials and signature Nike design details, this sneaker delivers excellent impact protection and unmatched comfort.",4.2,38,"US 7, US 8, US 8.5, US 9, US 9.5, US 10, US 10.5, US 11, US 12",Blue/White,Women,2026-05-24 23:19:22,2026-05-24 23:19:22
SP2338,Nike Vomero 18Women's Road Running Shoes,Nike,Sneakers,4030000.0,4700000.0,"https://static.nike.com/a/images/t_web_pw_592_v2/f_auto/u_9ddf04c7-2a9a-4d76-add1-d15af8f0263d,c_scale,fl_relative,w_1.0,h_1.0,fl_layer_apply/fe7b657d-b790-4df9-af5b-ddb54e3d1413/W+NIKE+VOMERO+18.png",24,AVAILABLE,"Crafted with durable uppers and specialized traction, this Nike release blends legendary sportswear history with contemporary performance.",4.6,54,"US 7, US 8, US 8.5, US 9, US 9.5, US 10, US 10.5, US 11, US 12",Multi-Color,Women,2026-05-24 23:19:22,2026-05-24 23:19:22
SP2339,Nike Structure PlusWomen's Road Running Shoes,Nike,Sneakers,4420000.0,,"https://static.nike.com/a/images/t_web_pw_592_v2/f_auto/u_9ddf04c7-2a9a-4d76-add1-d15af8f0263d,c_scale,fl_relative,w_1.0,h_1.0,fl_layer_apply/cdafa24a-09dd-4a5d-acca-2350ef3c1b32/WMNS+NIKE+STRUCTURE+PLUS.png",37,AVAILABLE,"A historic Nike silhouette reimagined with a modern aesthetic, it showcases classic color-blocking that elevates any casual outfit.",4.3,75,"US 7, US 8, US 8.5, US 9, US 9.5, US 10, US 10.5, US 11, US 12",Shadow,Women,2026-05-24 23:19:22,2026-05-24 23:19:22
SP2340,Nike Structure 26Women's Road Running Shoes,Nike,Sneakers,3770000.0,,"https://static.nike.com/a/images/t_web_pw_592_v2/f_auto/u_9ddf04c7-2a9a-4d76-add1-d15af8f0263d,c_scale,fl_relative,w_1.0,h_1.0,fl_layer_apply/da1c20cd-4f3d-4c48-a253-56ab043c4f8a/W+NIKE+STRUCTURE+26.png",28,AVAILABLE,"Featuring premium materials and signature Nike design details, this sneaker delivers excellent impact protection and unmatched comfort.",4.9,143,"US 7, US 8, US 8.5, US 9, US 9.5, US 10, US 10.5, US 11, US 12",Light Bone,Women,2026-05-24 23:19:22,2026-05-24 23:19:22
SP2341,Nike ACG ZegamaWomen's Trail Running Shoes,Nike,Sneakers,4680000.0,,"https://static.nike.com/a/images/t_web_pw_592_v2/f_auto/u_9ddf04c7-2a9a-4d76-add1-d15af8f0263d,c_scale,fl_relative,w_1.0,h_1.0,fl_layer_apply/e0ae1089-16f9-4662-b65d-d2680d753b20/W+NIKE+ACG+ZEGAMA+TRAIL.png",21,AVAILABLE,"A historic Nike silhouette reimagined with a modern aesthetic, it showcases classic color-blocking that elevates any casual outfit.",4.8,144,"US 7, US 8, US 8.5, US 9, US 9.5, US 10, US 10.5, US 11, US 12",Varsity Red/Black,Women,2026-05-24 23:19:22,2026-05-24 23:19:22
SP2342,Nike ACG Pegasus TrailWomen's Trail Running Shoes,Nike,Sneakers,4030000.0,5060000.0,"https://static.nike.com/a/images/t_web_pw_592_v2/f_auto/u_9ddf04c7-2a9a-4d76-add1-d15af8f0263d,c_scale,fl_relative,w_1.0,h_1.0,fl_layer_apply/25744b4d-0f48-4df9-9bec-133eac858d81/W+NIKE+ACG+PEGASUS+TRAIL.png",40,AVAILABLE,"Designed for lightweight cushioning and everyday lifestyle wear, it provides a retro look while ensuring modern durability and flexibility.",4.4,25,"US 7, US 8, US 8.5, US 9, US 9.5, US 10, US 10.5, US 11, US 12",Grey Castlerock,Women,2026-05-24 23:19:22,2026-05-24 23:19:22
SP2343,Nike Pegasus PlusWomen's Road Running Shoes,Nike,Sneakers,4940000.0,,"https://static.nike.com/a/images/t_web_pw_592_v2/f_auto/u_9ddf04c7-2a9a-4d76-add1-d15af8f0263d,c_scale,fl_relative,w_1.0,h_1.0,fl_layer_apply/a25c35a8-d82b-4759-bfc6-cfb9fd68fe2d/W+PEGASUS+PLUS.png",83,AVAILABLE,"A historic Nike silhouette reimagined with a modern aesthetic, it showcases classic color-blocking that elevates any casual outfit.",4.6,32,"US 7, US 8, US 8.5, US 9, US 9.5, US 10, US 10.5, US 11, US 12",Grey/White,Women,2026-05-24 23:19:22,2026-05-24 23:19:22
SP2344,Nike Alphafly 3 SEWomen's Road Racing Shoes,Nike,Sneakers,7670000.0,9820000.0,"https://static.nike.com/a/images/t_web_pw_592_v2/f_auto/u_9ddf04c7-2a9a-4d76-add1-d15af8f0263d,c_scale,fl_relative,w_1.0,h_1.0,fl_layer_apply/3bfb831d-f21a-4786-bece-7b022ce7927c/W+AIR+ZM+ALPHAFLY+NEXT%25+3+SE.png",87,AVAILABLE,"Crafted with durable uppers and specialized traction, this Nike release blends legendary sportswear history with contemporary performance.",4.4,92,"US 7, US 8, US 8.5, US 9, US 9.5, US 10, US 10.5, US 11, US 12",Varsity Red/Black,Women,2026-05-24 23:19:22,2026-05-24 23:19:22
SP2345,Nike Vaporfly 4 SEWomen's Road Racing Shoes,Nike,Sneakers,7020000.0,8370000.0,"https://static.nike.com/a/images/t_web_pw_592_v2/f_auto/u_9ddf04c7-2a9a-4d76-add1-d15af8f0263d,c_scale,fl_relative,w_1.0,h_1.0,fl_layer_apply/e5fdf7a0-a71d-4b98-abef-1804c359879f/W+ZMX+VAPORFLY+NEXT%25+4+SE.png",57,AVAILABLE,"Engineered with a responsive midsole system and secure support, this Nike sneaker is a great choice for enthusiasts.",4.4,65,"US 7, US 8, US 8.5, US 9, US 9.5, US 10, US 10.5, US 11, US 12",Grey/White,Women,2026-05-24 23:19:22,2026-05-24 23:19:22
SP2346,Nike Zoom Fly 6 SEWomen’s Road Racing Shoe,Nike,Sneakers,4680000.0,,"https://static.nike.com/a/images/t_web_pw_592_v2/f_auto/u_9ddf04c7-2a9a-4d76-add1-d15af8f0263d,c_scale,fl_relative,w_1.0,h_1.0,fl_layer_apply/2bd9a151-6a87-459d-93a5-4775d5c92cfa/W+ZOOM+FLY+6+SE.png",49,AVAILABLE,"Designed for lightweight cushioning and everyday lifestyle wear, it provides a retro look while ensuring modern durability and flexibility.",4.9,8,"US 7, US 8, US 8.5, US 9, US 9.5, US 10, US 10.5, US 11, US 12",Blue/White,Women,2026-05-24 23:19:22,2026-05-24 23:19:22
SP2347,Nike Pegasus 41 GORE-TEXWomen's Waterproof Road Running Shoes,Nike,Sneakers,4160000.0,4970000.0,"https://static.nike.com/a/images/t_web_pw_592_v2/f_auto/u_9ddf04c7-2a9a-4d76-add1-d15af8f0263d,c_scale,fl_relative,w_1.0,h_1.0,fl_layer_apply/e4cbfb84-a6c6-4a61-8898-5a60fa01a2ea/W+AIR+ZM+PEGASUS+41+GTX.png",23,AVAILABLE,"Featuring premium materials and signature Nike design details, this sneaker delivers excellent impact protection and unmatched comfort.",4.4,41,"US 7, US 8, US 8.5, US 9, US 9.5, US 10, US 10.5, US 11, US 12",Olive/Gum,Women,2026-05-24 23:19:22,2026-05-24 23:19:22
SP2348,Nike Pegasus Trail 5 GORE-TEXWomen's Waterproof Trail Running Shoes,Nike,Sneakers,4680000.0,,"https://static.nike.com/a/images/t_web_pw_592_v2/f_auto/u_9ddf04c7-2a9a-4d76-add1-d15af8f0263d,c_scale,fl_relative,w_1.0,h_1.0,fl_layer_apply/4ed07576-047f-42f2-90d7-8c997ff81c45/W+PEGASUS+TRAIL+5+GTX.png",61,AVAILABLE,"Featuring premium materials and signature Nike design details, this sneaker delivers excellent impact protection and unmatched comfort.",4.4,132,"US 7, US 8, US 8.5, US 9, US 9.5, US 10, US 10.5, US 11, US 12",Grey Castlerock,Women,2026-05-24 23:19:22,2026-05-24 23:19:22
SP2349,Nike Wildhorse 10Women's Trail Running Shoes,Nike,Sneakers,4290000.0,,"https://static.nike.com/a/images/t_web_pw_592_v2/f_auto/u_9ddf04c7-2a9a-4d76-add1-d15af8f0263d,c_scale,fl_relative,w_1.0,h_1.0,fl_layer_apply/d53183af-d1dc-4359-8d99-257737ca5b0f/W+NIKE+REACTX+WILDHORSE+10.png",55,AVAILABLE,"Designed for lightweight cushioning and everyday lifestyle wear, it provides a retro look while ensuring modern durability and flexibility.",4.6,61,"US 7, US 8, US 8.5, US 9, US 9.5, US 10, US 10.5, US 11, US 12",Olive/Gum,Women,2026-05-24 23:19:22,2026-05-24 23:19:22
SP2350,Nike Pegasus Trail 5Women's Trail Running Shoes,Nike,Sneakers,4030000.0,,"https://static.nike.com/a/images/t_web_pw_592_v2/f_auto/u_9ddf04c7-2a9a-4d76-add1-d15af8f0263d,c_scale,fl_relative,w_1.0,h_1.0,fl_layer_apply/90bfe9ba-9775-453a-8ccc-ecdb29e3ad3a/W+NIKE+REACTX+PEGASUS+TRAIL+5.png",115,AVAILABLE,"A historic Nike silhouette reimagined with a modern aesthetic, it showcases classic color-blocking that elevates any casual outfit.",4.8,70,"US 7, US 8, US 8.5, US 9, US 9.5, US 10, US 10.5, US 11, US 12",Light Bone,Women,2026-05-24 23:19:22,2026-05-24 23:19:22
SP2351,Nike Downshifter 14Women's Road Running Shoe,Nike,Sneakers,2080000.0,,"https://static.nike.com/a/images/t_web_pw_592_v2/f_auto/u_9ddf04c7-2a9a-4d76-add1-d15af8f0263d,c_scale,fl_relative,w_1.0,h_1.0,fl_layer_apply/855709f8-0f13-4b00-95c4-a3e15c39bf34/W+NIKE+DOWNSHIFTER+14.png",95,AVAILABLE,"A historic Nike silhouette reimagined with a modern aesthetic, it showcases classic color-blocking that elevates any casual outfit.",4.3,45,"US 7, US 8, US 8.5, US 9, US 9.5, US 10, US 10.5, US 11, US 12",Blue/White,Women,2026-05-24 23:19:22,2026-05-24 23:19:22
SP2352,Nike Journey RunWomen's Road Running Shoes,Nike,Sneakers,2470000.0,2890000.0,"https://static.nike.com/a/images/t_web_pw_592_v2/f_auto/u_9ddf04c7-2a9a-4d76-add1-d15af8f0263d,c_scale,fl_relative,w_1.0,h_1.0,fl_layer_apply/40aad882-7f65-4d61-8be6-60ca87f2486c/W+NIKE+JOURNEY+RUN.png",67,AVAILABLE,"Engineered with a responsive midsole system and secure support, this Nike sneaker is a great choice for enthusiasts.",4.6,58,"US 7, US 8, US 8.5, US 9, US 9.5, US 10, US 10.5, US 11, US 12",Shadow,Women,2026-05-24 23:19:22,2026-05-24 23:19:22
SP2353,Nike SportswearWomen's T-Shirt,Nike,Clothing,1040000.0,,"https://static.nike.com/a/images/t_web_pw_592_v2/f_auto/u_9ddf04c7-2a9a-4d76-add1-d15af8f0263d,c_scale,fl_relative,w_1.0,h_1.0,fl_layer_apply/96ee656c-04a5-4391-a0f4-86041d95063e/W+NSW+TEE+ESSNTL+LBR+SNRG.png",53,AVAILABLE,"A historic Nike silhouette reimagined with a modern aesthetic, it showcases classic color-blocking that elevates any casual outfit.",4.3,10,"US 7, US 8, US 8.5, US 9, US 9.5, US 10, US 10.5, US 11, US 12",Varsity Red/Black,Women,2026-05-24 23:19:22,2026-05-24 23:19:22
SP2354,Nike Sportswear Icon ClashWomen's Woven Skirt,Nike,Sneakers,1560000.0,,"https://static.nike.com/a/images/t_web_pw_592_v2/f_auto/u_9ddf04c7-2a9a-4d76-add1-d15af8f0263d,c_scale,fl_relative,w_1.0,h_1.0,fl_layer_apply/ac24742e-0fbd-41db-80b3-34881c6db684/W+NSW+ICN+CLSH+SKIRT+WVN+DG.png",75,AVAILABLE,"Engineered with a responsive midsole system and secure support, this Nike sneaker is a great choice for enthusiasts.",4.8,89,"US 7, US 8, US 8.5, US 9, US 9.5, US 10, US 10.5, US 11, US 12",Olive/Gum,Women,2026-05-24 23:19:22,2026-05-24 23:19:22
SP2355,Nike SportswearWomen's Tight Cropped Tank Top,Nike,Clothing,832000.0,,"https://static.nike.com/a/images/t_web_pw_592_v2/f_auto/u_9ddf04c7-2a9a-4d76-add1-d15af8f0263d,c_scale,fl_relative,w_1.0,h_1.0,fl_layer_apply/3b967328-693f-4ce5-8e24-2d6644a0beb2/W+NSW+CROP+ATH+LEAGUE+TANK.png",114,AVAILABLE,"Featuring premium materials and signature Nike design details, this sneaker delivers excellent impact protection and unmatched comfort.",4.4,104,"US 7, US 8, US 8.5, US 9, US 9.5, US 10, US 10.5, US 11, US 12",Shadow,Women,2026-05-24 23:19:22,2026-05-24 23:19:22
SP2356,Nike SportswearWomen's Loose Mid-Rise Structured Pants,Nike,Clothing,2210000.0,,"https://static.nike.com/a/images/t_web_pw_592_v2/f_auto/u_9ddf04c7-2a9a-4d76-add1-d15af8f0263d,c_scale,fl_relative,w_1.0,h_1.0,fl_layer_apply/ab8e2b13-3d03-457c-a4e9-fc499761b4b5/W+NSW+OS+STRCTRD+PANT.png",32,AVAILABLE,"Designed for lightweight cushioning and everyday lifestyle wear, it provides a retro look while ensuring modern durability and flexibility.",4.8,80,"US 7, US 8, US 8.5, US 9, US 9.5, US 10, US 10.5, US 11, US 12",Grey/White,Women,2026-05-24 23:19:22,2026-05-24 23:19:22
SP2357,Nike OneWomen's Light-Support Sports Bra,Nike,Sneakers,1222000.0,,"https://static.nike.com/a/images/t_web_pw_592_v2/f_auto/u_9ddf04c7-2a9a-4d76-add1-d15af8f0263d,c_scale,fl_relative,w_1.0,h_1.0,fl_layer_apply/301e0226-4b37-42d2-9cb0-9648fa6f655f/W+NK1+SPRT+BRA.png",41,AVAILABLE,"Featuring premium materials and signature Nike design details, this sneaker delivers excellent impact protection and unmatched comfort.",4.3,48,"US 7, US 8, US 8.5, US 9, US 9.5, US 10, US 10.5, US 11, US 12",Light Bone,Women,2026-05-24 23:19:22,2026-05-24 23:19:22
SP2358,Nike OneWomen's High-Waisted 7/8 Leggings,Nike,Sneakers,1950000.0,,"https://static.nike.com/a/images/t_web_pw_592_v2/f_auto/u_9ddf04c7-2a9a-4d76-add1-d15af8f0263d,c_scale,fl_relative,w_1.0,h_1.0,fl_layer_apply/710a38a5-b6cc-44f3-8b6b-b17ce8689eaf/W+NK+DF+ONE+HR+7%2F8+TIGHT+B.png",68,AVAILABLE,"A historic Nike silhouette reimagined with a modern aesthetic, it showcases classic color-blocking that elevates any casual outfit.",4.7,110,"US 7, US 8, US 8.5, US 9, US 9.5, US 10, US 10.5, US 11, US 12",Pine Green,Women,2026-05-24 23:19:22,2026-05-24 23:19:22
SP2359,Nike Sportswear Classic WovensWomen's Loose UV Hooded Jacket,Nike,Clothing,2080000.0,2600000.0,"https://static.nike.com/a/images/t_web_pw_592_v2/f_auto/u_9ddf04c7-2a9a-4d76-add1-d15af8f0263d,c_scale,fl_relative,w_1.0,h_1.0,fl_layer_apply/797f75e2-3041-44ff-b537-cdb62a329faf/W+NSW+ESSNTL+UV+WVN+JKT+HD.png",113,AVAILABLE,"Crafted with durable uppers and specialized traction, this Nike release blends legendary sportswear history with contemporary performance.",4.7,90,"US 7, US 8, US 8.5, US 9, US 9.5, US 10, US 10.5, US 11, US 12",Black/White,Women,2026-05-24 23:19:22,2026-05-24 23:19:22
SP2360,Nike Sportswear Classic WovensWomen's UV Protection Mid-Rise Loose Joggers,Nike,Clothing,1820000.0,2190000.0,"https://static.nike.com/a/images/t_web_pw_592_v2/f_auto/u_9ddf04c7-2a9a-4d76-add1-d15af8f0263d,c_scale,fl_relative,w_1.0,h_1.0,fl_layer_apply/6c64f919-96c3-4468-98e8-8cf9e2fc648f/W+NSW+OTG+UV+ESSNTL+WVN+MR+JG.png",102,AVAILABLE,"Designed for lightweight cushioning and everyday lifestyle wear, it provides a retro look while ensuring modern durability and flexibility.",4.8,37,"US 7, US 8, US 8.5, US 9, US 9.5, US 10, US 10.5, US 11, US 12",Olive/Gum,Women,2026-05-24 23:19:22,2026-05-24 23:19:22
SP2361,Nike Sportswear Chill PoplinWomen's Oversized Striped Top,Nike,Clothing,1560000.0,,"https://static.nike.com/a/images/t_web_pw_592_v2/f_auto/u_9ddf04c7-2a9a-4d76-add1-d15af8f0263d,c_scale,fl_relative,w_1.0,h_1.0,fl_layer_apply/8de77d04-310d-4870-8cd3-cd9dfa58020f/W+NSW+OFFLN+WVN+PPLN+STRP+SS.png",74,AVAILABLE,"Crafted with durable uppers and specialized traction, this Nike release blends legendary sportswear history with contemporary performance.",4.7,37,"US 7, US 8, US 8.5, US 9, US 9.5, US 10, US 10.5, US 11, US 12",Shadow,Women,2026-05-24 23:19:22,2026-05-24 23:19:22
SP2362,Nike Sportswear Chill PoplinWomen's Loose Mid-Rise Stripe Shorts,Nike,Clothing,1430000.0,,"https://static.nike.com/a/images/t_web_pw_592_v2/f_auto/u_9ddf04c7-2a9a-4d76-add1-d15af8f0263d,c_scale,fl_relative,w_1.0,h_1.0,fl_layer_apply/8efd60d6-5be4-42bb-a149-848ba3f555e8/W+NSW+OFFLN+WVN+PPLN+STRP+SHRT.png",82,AVAILABLE,"Designed for lightweight cushioning and everyday lifestyle wear, it provides a retro look while ensuring modern durability and flexibility.",4.7,92,"US 7, US 8, US 8.5, US 9, US 9.5, US 10, US 10.5, US 11, US 12",Triple Black,Women,2026-05-24 23:19:22,2026-05-24 23:19:22
SP2363,NikeSKIMS MatteWomen's Printed V-Neck Long-Line Bra,Nike,Sneakers,1508000.0,1870000.0,"https://static.nike.com/a/images/t_web_pw_592_v2/f_auto/u_9ddf04c7-2a9a-4d76-add1-d15af8f0263d,c_scale,fl_relative,w_1.0,h_1.0,fl_layer_apply/3455b3f3-7d78-4ff2-9cc4-b3f2d3e7f70f/W+NSKM+MTE+VNECK+BRA+AOP.png",98,AVAILABLE,"Crafted with durable uppers and specialized traction, this Nike release blends legendary sportswear history with contemporary performance.",4.2,56,"US 7, US 8, US 8.5, US 9, US 9.5, US 10, US 10.5, US 11, US 12",Triple Black,Women,2026-05-24 23:19:22,2026-05-24 23:19:22
SP2364,"NikeSKIMS MatteWomen's Printed 5"" Shorts",Nike,Clothing,1664000.0,,"https://static.nike.com/a/images/t_web_pw_592_v2/f_auto/u_9ddf04c7-2a9a-4d76-add1-d15af8f0263d,c_scale,fl_relative,w_1.0,h_1.0,fl_layer_apply/90d9ad74-89b3-4786-b7ea-3e099234dd0a/W+NSKM+MTE+SHORT+5IN+AOP.png",102,AVAILABLE,"Crafted with durable uppers and specialized traction, this Nike release blends legendary sportswear history with contemporary performance.",4.7,42,"US 7, US 8, US 8.5, US 9, US 9.5, US 10, US 10.5, US 11, US 12",Navy/White,Women,2026-05-24 23:19:22,2026-05-24 23:19:22
SP2365,NikeSKIMS Studio StretchWomen's Medium-Support Mock Neck Sports Bra,Nike,Sneakers,1768000.0,,"https://static.nike.com/a/images/t_web_pw_592_v2/f_auto/u_9ddf04c7-2a9a-4d76-add1-d15af8f0263d,c_scale,fl_relative,w_1.0,h_1.0,fl_layer_apply/65408db1-2c2c-4e92-a883-a78498910e6d/W+NSKM+STDIO+STRCH+MCK+NCK+BRA.png",54,AVAILABLE,"Crafted with durable uppers and specialized traction, this Nike release blends legendary sportswear history with contemporary performance.",4.4,12,"US 7, US 8, US 8.5, US 9, US 9.5, US 10, US 10.5, US 11, US 12",Varsity Red/Black,Women,2026-05-24 23:19:22,2026-05-24 23:19:22
SP2366,"NikeSKIMS Studio StretchWomen's 29"" Leggings",Nike,Sneakers,2808000.0,3200000.0,"https://static.nike.com/a/images/t_web_pw_592_v2/f_auto/u_9ddf04c7-2a9a-4d76-add1-d15af8f0263d,c_scale,fl_relative,w_1.0,h_1.0,fl_layer_apply/d85fda53-f2ba-4b99-8762-cb5d45a89f4f/W+NSKM+STDIO+STRCH+TGT+29IN.png",18,AVAILABLE,"Crafted with durable uppers and specialized traction, this Nike release blends legendary sportswear history with contemporary performance.",4.3,11,"US 7, US 8, US 8.5, US 9, US 9.5, US 10, US 10.5, US 11, US 12",Grey/White,Women,2026-05-24 23:19:22,2026-05-24 23:19:22
SP2367,Nike Sportswear Chill KnitWomen's Tight Cami Tank,Nike,Sneakers,1222000.0,,"https://static.nike.com/a/images/t_web_pw_592_v2/f_auto/u_9ddf04c7-2a9a-4d76-add1-d15af8f0263d,c_scale,fl_relative,w_1.0,h_1.0,fl_layer_apply/844807ea-7dda-4487-bf4b-9ff8d1ede414/W+NSW+NK+CHLL+KNT+CAMI+DG.png",77,AVAILABLE,"Crafted with durable uppers and specialized traction, this Nike release blends legendary sportswear history with contemporary performance.",4.6,41,"US 7, US 8, US 8.5, US 9, US 9.5, US 10, US 10.5, US 11, US 12",Bred,Women,2026-05-24 23:19:22,2026-05-24 23:19:22
SP2368,Nike SportswearWomen's Mid-Rise Oversized Cargo Pants,Nike,Clothing,2730000.0,,"https://static.nike.com/a/images/t_web_pw_592_v2/f_auto/u_9ddf04c7-2a9a-4d76-add1-d15af8f0263d,c_scale,fl_relative,w_1.0,h_1.0,fl_layer_apply/fbfd7abf-0b9e-43e4-8dad-6d33a97f749d/W+NSW+CAMO+CARGO+PANT+DANCE+DG.png",87,AVAILABLE,"A historic Nike silhouette reimagined with a modern aesthetic, it showcases classic color-blocking that elevates any casual outfit.",4.7,27,"US 7, US 8, US 8.5, US 9, US 9.5, US 10, US 10.5, US 11, US 12",Olive/Gum,Women,2026-05-24 23:19:22,2026-05-24 23:19:22
SP2369,Nike Sportswear Chill KnitWomen's Slim Cropped T-Shirt,Nike,Clothing,962000.0,,"https://static.nike.com/a/images/t_web_pw_592_v2/f_auto/u_9ddf04c7-2a9a-4d76-add1-d15af8f0263d,c_scale,fl_relative,w_1.0,h_1.0,fl_layer_apply/84d53b8a-1e9e-46df-ac5d-3d4e193b6887/W+NSW+NK+CHLL+KNT+MD+CRP+GRAF.png",94,AVAILABLE,"A historic Nike silhouette reimagined with a modern aesthetic, it showcases classic color-blocking that elevates any casual outfit.",4.7,96,"US 7, US 8, US 8.5, US 9, US 9.5, US 10, US 10.5, US 11, US 12",University Blue,Women,2026-05-24 23:19:22,2026-05-24 23:19:22
SP2370,Nike Sportswear Chill KnitWomen's Tight Mini-Rib Cami Dress,Nike,Sneakers,1690000.0,,"https://static.nike.com/a/images/t_web_pw_592_v2/f_auto/u_9ddf04c7-2a9a-4d76-add1-d15af8f0263d,c_scale,fl_relative,w_1.0,h_1.0,fl_layer_apply/b0565455-e8ad-4e0d-8233-ee22434d3373/W+NSW+NK+MRIB+CMI+DRS+DG.png",41,AVAILABLE,"Crafted with durable uppers and specialized traction, this Nike release blends legendary sportswear history with contemporary performance.",4.5,132,"US 7, US 8, US 8.5, US 9, US 9.5, US 10, US 10.5, US 11, US 12",Olive/Gum,Women,2026-05-24 23:19:22,2026-05-24 23:19:22
SP2371,Nike Sportswear Chill KnitWomen's Tight Cropped Top,Nike,Clothing,2210000.0,,"https://static.nike.com/a/images/t_web_pw_592_v2/f_auto/u_9ddf04c7-2a9a-4d76-add1-d15af8f0263d,c_scale,fl_relative,w_1.0,h_1.0,fl_layer_apply/4e0ce8b0-02a2-48a3-9a76-050731a172a8/W+NSW+CHLL+OP+KNT+SS+CRP+TOP.png",81,AVAILABLE,"Featuring premium materials and signature Nike design details, this sneaker delivers excellent impact protection and unmatched comfort.",4.4,39,"US 7, US 8, US 8.5, US 9, US 9.5, US 10, US 10.5, US 11, US 12",Grey Castlerock,Women,2026-05-24 23:19:22,2026-05-24 23:19:22
SP2372,Nike Sportswear Chill KnitWomen's Mid-Rise Shorts,Nike,Clothing,2730000.0,,"https://static.nike.com/a/images/t_web_pw_592_v2/f_auto/u_9ddf04c7-2a9a-4d76-add1-d15af8f0263d,c_scale,fl_relative,w_1.0,h_1.0,fl_layer_apply/18cb3d0c-6969-432b-a3cc-c3ac062cd836/W+NSW+CHLL+OP+KNT+SHORT.png",50,AVAILABLE,"Crafted with durable uppers and specialized traction, this Nike release blends legendary sportswear history with contemporary performance.",4.9,100,"US 7, US 8, US 8.5, US 9, US 9.5, US 10, US 10.5, US 11, US 12",Olive/Gum,Women,2026-05-24 23:19:22,2026-05-24 23:19:22
SP2373,NikeSKIMS AiryWomen's Oversized T-Shirt,Nike,Clothing,1768000.0,2040000.0,"https://static.nike.com/a/images/t_web_pw_592_v2/f_auto/u_9ddf04c7-2a9a-4d76-add1-d15af8f0263d,c_scale,fl_relative,w_1.0,h_1.0,fl_layer_apply/197362fd-f98c-449f-8be9-094ad65dcc31/W+NSKM+ARY+OS+SS+TOP.png",39,AVAILABLE,"Engineered with a responsive midsole system and secure support, this Nike sneaker is a great choice for enthusiasts.",4.9,73,"US 7, US 8, US 8.5, US 9, US 9.5, US 10, US 10.5, US 11, US 12",Shadow,Women,2026-05-24 23:19:22,2026-05-24 23:19:22
SP2374,NikeSKIMS AiryWomen's Relaxed Shorts,Nike,Clothing,1924000.0,,"https://static.nike.com/a/images/t_web_pw_592_v2/f_auto/u_9ddf04c7-2a9a-4d76-add1-d15af8f0263d,c_scale,fl_relative,w_1.0,h_1.0,fl_layer_apply/cc27198f-9b29-476d-b465-3151f5e53fc7/W+NSKM+ARY+RELAXED+SHORT.png",87,AVAILABLE,"Featuring premium materials and signature Nike design details, this sneaker delivers excellent impact protection and unmatched comfort.",4.9,42,"US 7, US 8, US 8.5, US 9, US 9.5, US 10, US 10.5, US 11, US 12",Volt/Black,Women,2026-05-24 23:19:22,2026-05-24 23:19:22
SP2375,NikeWomen's Basketball T-Shirt,Nike,Clothing,1222000.0,1410000.0,"https://static.nike.com/a/images/t_web_pw_592_v2/f_auto/u_9ddf04c7-2a9a-4d76-add1-d15af8f0263d,c_scale,fl_relative,w_1.0,h_1.0,fl_layer_apply/bab374d4-80de-4a0e-9b3a-92845e2f5ecc/W+NK+TEE+BBALL+PHOTO+CROP.png",18,AVAILABLE,"Crafted with durable uppers and specialized traction, this Nike release blends legendary sportswear history with contemporary performance.",4.7,117,"US 7, US 8, US 8.5, US 9, US 9.5, US 10, US 10.5, US 11, US 12",Olive/Gum,Women,2026-05-24 23:19:22,2026-05-24 23:19:22
SP2376,"Naomi OsakaWomen's Mid-Rise 3"" Shorts",Nike,Clothing,2470000.0,,"https://static.nike.com/a/images/t_web_pw_592_v2/f_auto/u_9ddf04c7-2a9a-4d76-add1-d15af8f0263d,c_scale,fl_relative,w_1.0,h_1.0,fl_layer_apply/a45fabac-0cf8-410f-a337-34b08c0331c3/W+NSW+NOC+MR+3IN+SHORT.png",41,AVAILABLE,"Crafted with durable uppers and specialized traction, this Nike release blends legendary sportswear history with contemporary performance.",4.3,48,"US 7, US 8, US 8.5, US 9, US 9.5, US 10, US 10.5, US 11, US 12",Cream/Sand,Women,2026-05-24 23:19:22,2026-05-24 23:19:22
SP2377,Nike SportswearWomen's Oversized Satin Top,Nike,Clothing,1820000.0,2040000.0,"https://static.nike.com/a/images/t_web_pw_592_v2/f_auto/u_9ddf04c7-2a9a-4d76-add1-d15af8f0263d,c_scale,fl_relative,w_1.0,h_1.0,fl_layer_apply/ac986fd8-fd8c-4f46-8ad6-2dfd876429f4/W+NSW+OFFLN+WVN+STN+SS+TOP.png",68,AVAILABLE,"Featuring premium materials and signature Nike design details, this sneaker delivers excellent impact protection and unmatched comfort.",4.2,124,"US 7, US 8, US 8.5, US 9, US 9.5, US 10, US 10.5, US 11, US 12",Shadow,Women,2026-05-24 23:19:22,2026-05-24 23:19:22
SP2378,Nike Sportswear Chill KnitWomen's Mod-Cropped T-Shirt,Nike,Clothing,962000.0,1190000.0,"https://static.nike.com/a/images/t_web_pw_592_v2/f_auto/u_9ddf04c7-2a9a-4d76-add1-d15af8f0263d,c_scale,fl_relative,w_1.0,h_1.0,fl_layer_apply/32ca75e5-13b3-469d-8db2-999dba21c3ea/W+NSW+CHLKNT+MODCRP+STREET+TEE.png",62,AVAILABLE,"Featuring premium materials and signature Nike design details, this sneaker delivers excellent impact protection and unmatched comfort.",4.8,35,"US 7, US 8, US 8.5, US 9, US 9.5, US 10, US 10.5, US 11, US 12",Sail/Navy,Women,2026-05-24 23:19:22,2026-05-24 23:19:22
SP2379,Nike Sportswear Chill KnitWomen's Slim Mod-Cropped T-Shirt,Nike,Clothing,962000.0,,"https://static.nike.com/a/images/t_web_pw_592_v2/f_auto/u_9ddf04c7-2a9a-4d76-add1-d15af8f0263d,c_scale,fl_relative,w_1.0,h_1.0,fl_layer_apply/f2960bd4-9008-4997-b2f5-bbec16dfa859/W+NSW+CHLLKNT+MODCRP+TMATO+TEE.png",76,AVAILABLE,"A historic Nike silhouette reimagined with a modern aesthetic, it showcases classic color-blocking that elevates any casual outfit.",4.8,53,"US 7, US 8, US 8.5, US 9, US 9.5, US 10, US 10.5, US 11, US 12",Varsity Red/Black,Women,2026-05-24 23:19:22,2026-05-24 23:19:22
SP2380,Nike Sportswear ClassicWomen's Oversized T-Shirt,Nike,Clothing,962000.0,,"https://static.nike.com/a/images/t_web_pw_592_v2/f_auto/u_9ddf04c7-2a9a-4d76-add1-d15af8f0263d,c_scale,fl_relative,w_1.0,h_1.0,fl_layer_apply/6149ab20-7a9a-4a36-a10e-24277e1aa678/W+NSW+CLSC+BF+CAFE+TOMATO+TEE.png",88,AVAILABLE,"Designed for lightweight cushioning and everyday lifestyle wear, it provides a retro look while ensuring modern durability and flexibility.",4.3,52,"US 7, US 8, US 8.5, US 9, US 9.5, US 10, US 10.5, US 11, US 12",Shadow,Women,2026-05-24 23:19:22,2026-05-24 23:19:22
SP2381,Nike SportswearWomen's Cropped Jersey Top,Nike,Clothing,1560000.0,2000000.0,"https://static.nike.com/a/images/t_web_pw_592_v2/f_auto/u_9ddf04c7-2a9a-4d76-add1-d15af8f0263d,c_scale,fl_relative,w_1.0,h_1.0,fl_layer_apply/bab23317-c757-4400-9637-72cf6419a384/W+NSW+CROP+JERSEY+DG.png",60,AVAILABLE,"A historic Nike silhouette reimagined with a modern aesthetic, it showcases classic color-blocking that elevates any casual outfit.",4.8,16,"US 7, US 8, US 8.5, US 9, US 9.5, US 10, US 10.5, US 11, US 12",Black/White,Women,2026-05-24 23:19:22,2026-05-24 23:19:22
SP2382,Nike SportswearWomen's Loose T-Shirt,Nike,Clothing,1040000.0,,"https://static.nike.com/a/images/t_web_pw_592_v2/f_auto/u_9ddf04c7-2a9a-4d76-add1-d15af8f0263d,c_scale,fl_relative,w_1.0,h_1.0,fl_layer_apply/39eb3bf1-c92b-4f96-9852-ec1fb72b8295/W+NSW+CLASSIC+BOXY+ST1+TEE.png",24,AVAILABLE,"Engineered with a responsive midsole system and secure support, this Nike sneaker is a great choice for enthusiasts.",4.9,75,"US 7, US 8, US 8.5, US 9, US 9.5, US 10, US 10.5, US 11, US 12",Sail/Navy,Women,2026-05-24 23:19:22,2026-05-24 23:19:22
SP2383,Nike SportswearWomen's Loose Lace Polo Jersey Top,Nike,Clothing,2470000.0,,"https://static.nike.com/a/images/t_web_pw_592_v2/f_auto/u_9ddf04c7-2a9a-4d76-add1-d15af8f0263d,c_scale,fl_relative,w_1.0,h_1.0,fl_layer_apply/83854f29-e13d-47a9-a9fa-2b7c1481aab6/W+NK+STREET+LACE+POLO+JSY.png",15,AVAILABLE,"Crafted with durable uppers and specialized traction, this Nike release blends legendary sportswear history with contemporary performance.",4.3,118,"US 7, US 8, US 8.5, US 9, US 9.5, US 10, US 10.5, US 11, US 12",Triple Black,Women,2026-05-24 23:19:22,2026-05-24 23:19:22
SP2384,Nike SportswearWomen's Oversized Short-Sleeve Graphic Jersey,Nike,Sneakers,1690000.0,1940000.0,https://static.nike.com/a/images/t_web_pw_592_v2/f_auto/c2c85d59-d7f4-435c-bc7c-ad9eab4cfe63/W+NSW+STREET+SS+GX+JRSY+TOP.png,70,AVAILABLE,"Crafted with durable uppers and specialized traction, this Nike release blends legendary sportswear history with contemporary performance.",4.9,102,"US 7, US 8, US 8.5, US 9, US 9.5, US 10, US 10.5, US 11, US 12",University Blue,Women,2026-05-24 23:19:22,2026-05-24 23:19:22
SP2385,Nike Sportswear AirreverentWomen's Long-Sleeve Top,Nike,Clothing,2730000.0,3500000.0,"https://static.nike.com/a/images/t_web_pw_592_v2/f_auto/u_9ddf04c7-2a9a-4d76-add1-d15af8f0263d,c_scale,fl_relative,w_1.0,h_1.0,fl_layer_apply/647c63cc-1fc7-448d-9fec-f07e6cbb02d6/W+NSW+LS+TOP+ARRVRNT.png",43,AVAILABLE,"Designed for lightweight cushioning and everyday lifestyle wear, it provides a retro look while ensuring modern durability and flexibility.",4.4,35,"US 7, US 8, US 8.5, US 9, US 9.5, US 10, US 10.5, US 11, US 12",Triple White,Women,2026-05-24 23:19:22,2026-05-24 23:19:22
SP2386,Nike Sportswear Chill KnitWomen's Tight Short-Sleeve Ribbed Top,Nike,Clothing,1430000.0,,"https://static.nike.com/a/images/t_web_pw_592_v2/f_auto/u_9ddf04c7-2a9a-4d76-add1-d15af8f0263d,c_scale,fl_relative,w_1.0,h_1.0,fl_layer_apply/8e1dc0be-7fd8-4eac-b6df-a83932ff3581/W+NSW+CHILL+KNIT+RIB+SS+TOP.png",61,AVAILABLE,"Engineered with a responsive midsole system and secure support, this Nike sneaker is a great choice for enthusiasts.",4.7,88,"US 7, US 8, US 8.5, US 9, US 9.5, US 10, US 10.5, US 11, US 12",Grey Castlerock,Women,2026-05-24 23:19:22,2026-05-24 23:19:22
SP2387,Nike Sportswear Club EssentialsWomen's T-Shirt,Nike,Clothing,832000.0,950000.0,https://static.nike.com/a/images/t_web_pw_592_v2/f_auto/ee28178b-eca5-42b0-8c13-34e72f9819bb/W+NSW+CLUB+SS+TEE.png,52,AVAILABLE,"Crafted with durable uppers and specialized traction, this Nike release blends legendary sportswear history with contemporary performance.",4.4,145,"US 7, US 8, US 8.5, US 9, US 9.5, US 10, US 10.5, US 11, US 12",Shadow,Women,2026-05-24 23:19:22,2026-05-24 23:19:22
SP2388,Nike SportswearWomen's Oversized Button-Down Jersey Top,Nike,Clothing,2210000.0,2650000.0,https://static.nike.com/a/images/t_web_pw_592_v2/f_auto/3e33c9ef-74cb-4a72-9a0e-f0d89301ab8f/W+NSW+BUTTON+DOWN+JERSEY+TOP.png,50,AVAILABLE,"A historic Nike silhouette reimagined with a modern aesthetic, it showcases classic color-blocking that elevates any casual outfit.",4.7,51,"US 7, US 8, US 8.5, US 9, US 9.5, US 10, US 10.5, US 11, US 12",Pine Green,Women,2026-05-24 23:19:22,2026-05-24 23:19:22
SP2389,Nike SportswearWomen's Barrel Pants,Nike,Clothing,2340000.0,,"https://static.nike.com/a/images/t_web_pw_592_v2/f_auto/u_9ddf04c7-2a9a-4d76-add1-d15af8f0263d,c_scale,fl_relative,w_1.0,h_1.0,fl_layer_apply/34ff3c08-14d5-4e59-9bd9-3f6e39146b37/W+NSW+STREET+BARREL+PANT.png",110,AVAILABLE,"Featuring premium materials and signature Nike design details, this sneaker delivers excellent impact protection and unmatched comfort.",4.8,113,"US 7, US 8, US 8.5, US 9, US 9.5, US 10, US 10.5, US 11, US 12",Light Bone,Women,2026-05-24 23:19:22,2026-05-24 23:19:22
SP2390,Nike Sportswear Phoenix FleeceWomen's High-Waisted Wide-Leg Pants,Nike,Clothing,2210000.0,,"https://static.nike.com/a/images/t_web_pw_592_v2/f_auto/u_9ddf04c7-2a9a-4d76-add1-d15af8f0263d,c_scale,fl_relative,w_1.0,h_1.0,fl_layer_apply/e9ca27df-55d5-42cb-ba86-5096478e6081/W+NK+PHX+FLC+HR+WD+LEG+PANT+GX.png",70,AVAILABLE,"Engineered with a responsive midsole system and secure support, this Nike sneaker is a great choice for enthusiasts.",4.4,82,"US 7, US 8, US 8.5, US 9, US 9.5, US 10, US 10.5, US 11, US 12",Bred,Women,2026-05-24 23:19:22,2026-05-24 23:19:22
SP2391,Nike SportswearWomen's Oversized Mid-Rise Woven Pants,Nike,Clothing,2470000.0,,https://static.nike.com/a/images/t_web_pw_592_v2/f_auto/75f1c8c4-8cb5-4e27-ac8b-890c591d608b/W+NSW+PG+WVN+PANT.png,58,AVAILABLE,"A historic Nike silhouette reimagined with a modern aesthetic, it showcases classic color-blocking that elevates any casual outfit.",4.3,73,"US 7, US 8, US 8.5, US 9, US 9.5, US 10, US 10.5, US 11, US 12",Sail/Navy,Women,2026-05-24 23:19:22,2026-05-24 23:19:22
SP2392,"Nike ACG ""Smith Summit""Women's Zip-off Pants",Nike,Clothing,5070000.0,,"https://static.nike.com/a/images/t_web_pw_592_v2/f_auto/u_9ddf04c7-2a9a-4d76-add1-d15af8f0263d,c_scale,fl_relative,w_1.0,h_1.0,fl_layer_apply/1913d372-d8f5-49c3-883b-457c7a105ff6/W+ACG+SMITH+SUMMIT+ZIPOFF+PNT.png",47,AVAILABLE,"Designed for lightweight cushioning and everyday lifestyle wear, it provides a retro look while ensuring modern durability and flexibility.",4.4,48,"US 7, US 8, US 8.5, US 9, US 9.5, US 10, US 10.5, US 11, US 12",Blue/White,Women,2026-05-24 23:19:22,2026-05-24 23:19:22
SP2393,Nike SportswearWomen's Mid-Rise Lightweight UV Pants,Nike,Clothing,2470000.0,2930000.0,"https://static.nike.com/a/images/t_web_pw_592_v2/f_auto/u_9ddf04c7-2a9a-4d76-add1-d15af8f0263d,c_scale,fl_relative,w_1.0,h_1.0,fl_layer_apply/8b8c4c0a-17e9-4038-aaa3-ec5a121e8c55/W+NSW+LTWT+UV+PROTECTIVE+PANT.png",116,AVAILABLE,"Designed for lightweight cushioning and everyday lifestyle wear, it provides a retro look while ensuring modern durability and flexibility.",4.7,82,"US 7, US 8, US 8.5, US 9, US 9.5, US 10, US 10.5, US 11, US 12",Multi-Color,Women,2026-05-24 23:19:22,2026-05-24 23:19:22
SP2394,Nike SportswearWomen's Mid-Rise Wide-Leg Track Pants,Nike,Clothing,2080000.0,,"https://static.nike.com/a/images/t_web_pw_592_v2/f_auto/u_9ddf04c7-2a9a-4d76-add1-d15af8f0263d,c_scale,fl_relative,w_1.0,h_1.0,fl_layer_apply/b347c4b4-5211-4683-bd56-2afbb06332b6/W+NSW+WIDE+LEG+TRACK+PNT.png",86,AVAILABLE,"Crafted with durable uppers and specialized traction, this Nike release blends legendary sportswear history with contemporary performance.",4.6,36,"US 7, US 8, US 8.5, US 9, US 9.5, US 10, US 10.5, US 11, US 12",White/Black,Women,2026-05-24 23:19:22,2026-05-24 23:19:22
SP2395,Nike Sportswear Phoenix FleeceWomen's High-Waisted Oversized Sweatpants,Nike,Clothing,1950000.0,,"https://static.nike.com/a/images/t_web_pw_592_v2/f_auto/u_9ddf04c7-2a9a-4d76-add1-d15af8f0263d,c_scale,fl_relative,w_1.0,h_1.0,fl_layer_apply/31b8b028-931d-46d6-a53e-b5b2d4de2764/W+NSW+PHNX+FLC+HR+OS+PANT+2.png",29,AVAILABLE,"A historic Nike silhouette reimagined with a modern aesthetic, it showcases classic color-blocking that elevates any casual outfit.",4.4,99,"US 7, US 8, US 8.5, US 9, US 9.5, US 10, US 10.5, US 11, US 12",Olive/Gum,Women,2026-05-24 23:19:22,2026-05-24 23:19:22
SP2396,Nike Sportswear Chill KnitWomen's Mid-Rise Tight Ribbed Pants,Nike,Clothing,1950000.0,2190000.0,"https://static.nike.com/a/images/t_web_pw_592_v2/f_auto/u_9ddf04c7-2a9a-4d76-add1-d15af8f0263d,c_scale,fl_relative,w_1.0,h_1.0,fl_layer_apply/90845f60-2360-4e73-a9ee-5fafae2396b2/W+NSW+CHILL+KNIT+RIB+PANT.png",39,AVAILABLE,"Designed for lightweight cushioning and everyday lifestyle wear, it provides a retro look while ensuring modern durability and flexibility.",4.4,104,"US 7, US 8, US 8.5, US 9, US 9.5, US 10, US 10.5, US 11, US 12",Grey/White,Women,2026-05-24 23:19:22,2026-05-24 23:19:22
SP2397,Nike Sportswear Club FleeceWomen's Graphic Mid-Rise Pants,Nike,Clothing,1820000.0,2260000.0,https://static.nike.com/a/images/t_web_pw_592_v2/f_auto/a5ffcd76-10e3-470a-829b-5de9786c713a/W+NSW+CLUB+FLC+STD+GX+PANT.png,67,AVAILABLE,"Engineered with a responsive midsole system and secure support, this Nike sneaker is a great choice for enthusiasts.",4.9,117,"US 7, US 8, US 8.5, US 9, US 9.5, US 10, US 10.5, US 11, US 12",Varsity Red/Black,Women,2026-05-24 23:19:22,2026-05-24 23:19:22
SP2398,Nike Sportswear Club FleeceWomen's Mid-Rise Oversized Sweatpants,Nike,Clothing,1690000.0,,https://static.nike.com/a/images/t_web_pw_592_v2/f_auto/a2c2f9a3-64fb-4939-bb30-e5a4a3e9ea24/W+NSW+CLUB+FLC+MR+OS+PANT.png,102,AVAILABLE,"Engineered with a responsive midsole system and secure support, this Nike sneaker is a great choice for enthusiasts.",4.5,28,"US 7, US 8, US 8.5, US 9, US 9.5, US 10, US 10.5, US 11, US 12",Shadow,Women,2026-05-24 23:19:22,2026-05-24 23:19:22
SP2399,NikeSKIMS Matte TricotWomen's Side-Snap Pants,Nike,Clothing,2808000.0,3360000.0,"https://static.nike.com/a/images/t_web_pw_592_v2/f_auto/u_9ddf04c7-2a9a-4d76-add1-d15af8f0263d,c_scale,fl_relative,w_1.0,h_1.0,fl_layer_apply/f9e4c23f-c0b5-4d8a-a5fc-d87b46fccabc/MATTE+TRICOT+SIDE+SNAPS+PANT.png",97,AVAILABLE,"Designed for lightweight cushioning and everyday lifestyle wear, it provides a retro look while ensuring modern durability and flexibility.",4.7,41,"US 7, US 8, US 8.5, US 9, US 9.5, US 10, US 10.5, US 11, US 12",Shadow,Women,2026-05-24 23:19:22,2026-05-24 23:19:22
SP2400,Nike Sportswear Chill PoplinWomen's Loose Mid-Rise Woven Striped Pants,Nike,Clothing,2210000.0,2710000.0,https://static.nike.com/a/images/t_web_pw_592_v2/f_auto/89007b0d-3b14-46d0-bbed-7c158a52e90f/W+NSW+OFFLN+WV+PPLN+STRP+PANT.png,50,AVAILABLE,"Crafted with durable uppers and specialized traction, this Nike release blends legendary sportswear history with contemporary performance.",4.4,70,"US 7, US 8, US 8.5, US 9, US 9.5, US 10, US 10.5, US 11, US 12",Olive/Gum,Women,2026-05-24 23:19:22,2026-05-24 23:19:22
SP2401,NikeSKIMS Woven NylonWomen's Oversized Track Pants,Nike,Clothing,2548000.0,2990000.0,https://static.nike.com/a/images/t_web_pw_592_v2/f_auto/8783c8b0-a41a-4837-8793-da0d6a66f88f/WOVEN+TRACK+PANT.png,76,AVAILABLE,"A historic Nike silhouette reimagined with a modern aesthetic, it showcases classic color-blocking that elevates any casual outfit.",4.5,146,"US 7, US 8, US 8.5, US 9, US 9.5, US 10, US 10.5, US 11, US 12",Light Bone,Women,2026-05-24 23:19:22,2026-05-24 23:19:22
SP2402,Nike 24.7 ImpossiblySoftWomen's Dri-FIT Mid-Rise Joggers,Nike,Clothing,2600000.0,,https://static.nike.com/a/images/t_web_pw_592_v2/f_auto/52bea8db-cf2d-4054-9b37-c8d69789f41d/W+NK+24.7+DF+MR+JOGGER+SOFT.png,55,AVAILABLE,"A historic Nike silhouette reimagined with a modern aesthetic, it showcases classic color-blocking that elevates any casual outfit.",4.4,86,"US 7, US 8, US 8.5, US 9, US 9.5, US 10, US 10.5, US 11, US 12",Bred,Women,2026-05-24 23:19:22,2026-05-24 23:19:22
SP2403,Nike 24.7 PerfectStretchWomen's Dri-FIT High-Waisted Loose Wide-Leg Pants,Nike,Clothing,2990000.0,,https://static.nike.com/a/images/t_web_pw_592_v2/f_auto/92ffe4b5-3dd5-4b35-97ff-064168b19229/W+NK+24.7+DF+HR+WD+LEG+PANT.png,76,AVAILABLE,"Crafted with durable uppers and specialized traction, this Nike release blends legendary sportswear history with contemporary performance.",4.3,11,"US 7, US 8, US 8.5, US 9, US 9.5, US 10, US 10.5, US 11, US 12",Triple Black,Women,2026-05-24 23:19:22,2026-05-24 23:19:22
SP2404,Nike Sportswear Phoenix FleeceWomen's Cargo Sweatpants,Nike,Clothing,2080000.0,2550000.0,https://static.nike.com/a/images/t_web_pw_592_v2/f_auto/35e02ab3-a1a9-43aa-834e-3fd4ab603010/W+NSW+PHNX+FLC+CARGO.png,38,AVAILABLE,"Designed for lightweight cushioning and everyday lifestyle wear, it provides a retro look while ensuring modern durability and flexibility.",4.5,43,"US 7, US 8, US 8.5, US 9, US 9.5, US 10, US 10.5, US 11, US 12",Grey Castlerock,Women,2026-05-24 23:19:22,2026-05-24 23:19:22
SP2405,Caitlin ClarkNike Basketball Phoenix Fleece Pants,Nike,Clothing,2340000.0,3030000.0,https://static.nike.com/a/images/t_web_pw_592_v2/f_auto/324af15a-291a-4185-9263-9c7a0ffbe2eb/CC+U+NK+FLC+PANT+ESS.png,101,AVAILABLE,"Engineered with a responsive midsole system and secure support, this Nike sneaker is a great choice for enthusiasts.",4.4,20,"US 7, US 8, US 8.5, US 9, US 9.5, US 10, US 10.5, US 11, US 12",Triple White,Men,2026-05-24 23:19:22,2026-05-24 23:19:22
SP2406,Nike Sportswear ClassicWomen's Mid-Rise Open-Hem Pants,Nike,Clothing,1820000.0,,https://static.nike.com/a/images/t_web_pw_592_v2/f_auto/3346b6ea-869a-4b6a-b000-9fc7cc28600a/W+NSW+NK+UV+CLSSC+OH+PANT.png,111,AVAILABLE,"Engineered with a responsive midsole system and secure support, this Nike sneaker is a great choice for enthusiasts.",4.4,38,"US 7, US 8, US 8.5, US 9, US 9.5, US 10, US 10.5, US 11, US 12",Navy/White,Women,2026-05-24 23:19:22,2026-05-24 23:19:22
SP2407,Nike Sportswear Chill KnitWomen's Mid-Rise Tight Ribbed Pants (Plus Size),Nike,Clothing,1950000.0,2460000.0,https://static.nike.com/a/images/t_web_pw_592_v2/f_auto/66653ce8-ecb5-41c0-bdbe-a3bcc5ab6169/W+NSW+CHILL+KNIT+RIB+PANT.png,42,AVAILABLE,"Designed for lightweight cushioning and everyday lifestyle wear, it provides a retro look while ensuring modern durability and flexibility.",4.5,122,"US 7, US 8, US 8.5, US 9, US 9.5, US 10, US 10.5, US 11, US 12",Multi-Color,Women,2026-05-24 23:19:22,2026-05-24 23:19:22
SP2408,Nike Sportswear Phoenix FleeceWomen's High-Waisted Oversized Sweatpants (Plus Size),Nike,Clothing,1950000.0,2300000.0,https://static.nike.com/a/images/t_web_pw_592_v2/f_auto/9fe8fb92-fcfa-4b37-9a74-2e6b6075410c/W+NSW+PHNX+FLC+HR+OS+PANT+2.png,51,AVAILABLE,"Crafted with durable uppers and specialized traction, this Nike release blends legendary sportswear history with contemporary performance.",4.4,126,"US 7, US 8, US 8.5, US 9, US 9.5, US 10, US 10.5, US 11, US 12",Triple Black,Women,2026-05-24 23:19:22,2026-05-24 23:19:22
SP2409,Nike Heritage Eugene 2.0Winterized Backpack (20L),Nike,Accessories,1690000.0,1940000.0,"https://static.nike.com/a/images/t_web_pw_592_v2/f_auto/u_9ddf04c7-2a9a-4d76-add1-d15af8f0263d,c_scale,fl_relative,w_1.0,h_1.0,fl_layer_apply/013ff3b7-64fe-4496-a590-b45d45c6f00a/NK+HERTGE+EUGENE+WNTRD+BPK+2.0.png",87,AVAILABLE,"Crafted with durable uppers and specialized traction, this Nike release blends legendary sportswear history with contemporary performance.",4.9,62,"US 7, US 8, US 8.5, US 9, US 9.5, US 10, US 10.5, US 11, US 12",Black/White,Women,2026-05-24 23:19:22,2026-05-24 23:19:22
SP2410,"Air Jordan 4 ""Toro""Big Kids' Shoes",Jordan,Sneakers,4290000.0,,"https://static.nike.com/a/images/t_web_pw_592_v2/f_auto/u_126ab356-44d8-4a06-89b4-fcdcc8df0245,c_scale,fl_relative,w_1.0,h_1.0,fl_layer_apply/1aca1a2a-c8fd-4eec-8b22-270b6f283761/AIR+JORDAN+4+RETRO+%28GS%29.png",54,AVAILABLE,"Engineered with a responsive midsole system and secure support, this Jordan sneaker is a great choice for enthusiasts.",4.5,119,"US 7, US 8, US 8.5, US 9, US 9.5, US 10, US 10.5, US 11, US 12",Cream/Sand,Kids,2026-05-24 23:19:22,2026-05-24 23:19:22
SP2411,"Jordan 4 ""Toro""Little Kids' Shoes",Jordan,Sneakers,2730000.0,3130000.0,"https://static.nike.com/a/images/t_web_pw_592_v2/f_auto/u_126ab356-44d8-4a06-89b4-fcdcc8df0245,c_scale,fl_relative,w_1.0,h_1.0,fl_layer_apply/c96acb90-a1ef-42f4-b364-7e120122528e/JORDAN+4+RETRO+%28PS%29.png",43,AVAILABLE,"Featuring premium materials and signature Jordan design details, this sneaker delivers excellent impact protection and unmatched comfort.",4.2,22,"US 7, US 8, US 8.5, US 9, US 9.5, US 10, US 10.5, US 11, US 12",Black/White,Kids,2026-05-24 23:19:22,2026-05-24 23:19:22
SP2412,"Jordan 4 ""Toro""Baby/Toddler Shoes",Jordan,Sneakers,2340000.0,,"https://static.nike.com/a/images/t_web_pw_592_v2/f_auto/u_126ab356-44d8-4a06-89b4-fcdcc8df0245,c_scale,fl_relative,w_1.0,h_1.0,fl_layer_apply/78140cc6-2834-439a-b89b-8189479bf50d/JORDAN+4+RETRO+%28TD%29.png",75,AVAILABLE,"Engineered with a responsive midsole system and secure support, this Jordan sneaker is a great choice for enthusiasts.",4.3,34,"US 7, US 8, US 8.5, US 9, US 9.5, US 10, US 10.5, US 11, US 12",Navy/White,Women,2026-05-24 23:19:22,2026-05-24 23:19:22
SP2413,"Jordan 12 Retro ""Bloodline""Baby/Toddler Shoes",Jordan,Sneakers,2080000.0,2650000.0,"https://static.nike.com/a/images/t_web_pw_592_v2/f_auto/u_126ab356-44d8-4a06-89b4-fcdcc8df0245,c_scale,fl_relative,w_1.0,h_1.0,fl_layer_apply/4596fece-cb33-4c9b-93a2-8d6d5ee39a5c/JORDAN+12+RETRO+%28TD%29.png",102,AVAILABLE,"Featuring premium materials and signature Jordan design details, this sneaker delivers excellent impact protection and unmatched comfort.",4.9,135,"US 7, US 8, US 8.5, US 9, US 9.5, US 10, US 10.5, US 11, US 12",Blue/White,Unisex,2026-05-24 23:19:22,2026-05-24 23:19:22
SP2414,Ja 3 X Kool AidBig Kids' Basketball Shoes,Nike,Sneakers,2912000.0,,"https://static.nike.com/a/images/t_web_pw_592_v2/f_auto/u_9ddf04c7-2a9a-4d76-add1-d15af8f0263d,c_scale,fl_relative,w_1.0,h_1.0,fl_layer_apply/bb8a58da-d233-46dd-8bf9-41cef7046162/JA+3+KOOL+AID+%28GS%29.png",91,AVAILABLE,"A historic Nike silhouette reimagined with a modern aesthetic, it showcases classic color-blocking that elevates any casual outfit.",4.5,92,"US 7, US 8, US 8.5, US 9, US 9.5, US 10, US 10.5, US 11, US 12",Olive/Gum,Kids,2026-05-24 23:19:22,2026-05-24 23:19:22
SP2415,"Sabrina 3 SE ""What The???""Big Kids' Basketball Shoes",Nike,Accessories,3042000.0,,"https://static.nike.com/a/images/t_web_pw_592_v2/f_auto/u_9ddf04c7-2a9a-4d76-add1-d15af8f0263d,c_scale,fl_relative,w_1.0,h_1.0,fl_layer_apply/d7081812-9e5a-476a-ad8b-28646df68959/SABRINA+3+WT+%28GS%29.png",57,AVAILABLE,"Crafted with durable uppers and specialized traction, this Nike release blends legendary sportswear history with contemporary performance.",4.8,106,"US 7, US 8, US 8.5, US 9, US 9.5, US 10, US 10.5, US 11, US 12",Red/White,Kids,2026-05-24 23:19:22,2026-05-24 23:19:22
SP2416,Nike S.T. DynamiteBig Kids' Basketball Shoes,Nike,Sneakers,1482000.0,1720000.0,"https://static.nike.com/a/images/t_web_pw_592_v2/f_auto/u_9ddf04c7-2a9a-4d76-add1-d15af8f0263d,c_scale,fl_relative,w_1.0,h_1.0,fl_layer_apply/c704221e-d337-4c05-90bd-9fed67cb774d/NIKE+S.T.+DYNAMITE+%28GS%29.png",70,AVAILABLE,"Featuring premium materials and signature Nike design details, this sneaker delivers excellent impact protection and unmatched comfort.",4.6,129,"US 7, US 8, US 8.5, US 9, US 9.5, US 10, US 10.5, US 11, US 12",Navy/White,Kids,2026-05-24 23:19:22,2026-05-24 23:19:22
SP2417,Nike S.T. DynamiteLittle Kids' Basketball Shoe,Nike,Sneakers,1352000.0,1520000.0,"https://static.nike.com/a/images/t_web_pw_592_v2/f_auto/u_9ddf04c7-2a9a-4d76-add1-d15af8f0263d,c_scale,fl_relative,w_1.0,h_1.0,fl_layer_apply/5dcc78fb-ea6f-4c4a-bc64-356da63eae2a/NIKE+S.T.+DYNAMITE+%28PS%29.png",22,AVAILABLE,"Crafted with durable uppers and specialized traction, this Nike release blends legendary sportswear history with contemporary performance.",4.3,50,"US 7, US 8, US 8.5, US 9, US 9.5, US 10, US 10.5, US 11, US 12",Volt/Black,Kids,2026-05-24 23:19:22,2026-05-24 23:19:22
SP2418,Nike Air Max 270Big Kids' Shoes,Nike,Sneakers,3432000.0,,"https://static.nike.com/a/images/t_web_pw_592_v2/f_auto/u_9ddf04c7-2a9a-4d76-add1-d15af8f0263d,c_scale,fl_relative,w_1.0,h_1.0,fl_layer_apply/5020c3ab-2a89-4029-b1c5-ecbbe650023d/NIKE+AIR+MAX+270+%28GS%29.png",85,AVAILABLE,"A historic Nike silhouette reimagined with a modern aesthetic, it showcases classic color-blocking that elevates any casual outfit.",4.2,16,"US 7, US 8, US 8.5, US 9, US 9.5, US 10, US 10.5, US 11, US 12",Light Bone,Kids,2026-05-24 23:19:22,2026-05-24 23:19:22
SP2419,Nike Air Max NovaBig Kids' Shoes,Nike,Sneakers,2002000.0,,"https://static.nike.com/a/images/t_web_pw_592_v2/f_auto/u_9ddf04c7-2a9a-4d76-add1-d15af8f0263d,c_scale,fl_relative,w_1.0,h_1.0,fl_layer_apply/dc457b72-a1fb-42d0-9a47-5712c05f9a4d/NIKE+AIR+MAX+NOVA+%28GS%29.png",102,AVAILABLE,"A historic Nike silhouette reimagined with a modern aesthetic, it showcases classic color-blocking that elevates any casual outfit.",4.6,48,"US 7, US 8, US 8.5, US 9, US 9.5, US 10, US 10.5, US 11, US 12",Red/White,Kids,2026-05-24 23:19:22,2026-05-24 23:19:22
SP2420,Nike Vomero 5Big Kids' Shoes with Reflective Accents,Nike,Sneakers,2912000.0,,"https://static.nike.com/a/images/t_web_pw_592_v2/f_auto/u_9ddf04c7-2a9a-4d76-add1-d15af8f0263d,c_scale,fl_relative,w_1.0,h_1.0,fl_layer_apply/05696bba-172c-412f-bca2-b665431e7b89/VOMERO+5+%28GS%29.png",58,AVAILABLE,"A historic Nike silhouette reimagined with a modern aesthetic, it showcases classic color-blocking that elevates any casual outfit.",4.5,97,"US 7, US 8, US 8.5, US 9, US 9.5, US 10, US 10.5, US 11, US 12",Shadow,Kids,2026-05-24 23:19:22,2026-05-24 23:19:22
SP2421,Nike Calm 2.0Big Kids' Slides,Nike,Sneakers,1040000.0,,"https://static.nike.com/a/images/t_web_pw_592_v2/f_auto/u_9ddf04c7-2a9a-4d76-add1-d15af8f0263d,c_scale,fl_relative,w_1.0,h_1.0,fl_layer_apply/90ddbe67-f955-4d26-8360-0ef260e8b29d/NIKE+CALM+SLIDE+2.0+%28GS%29.png",53,AVAILABLE,"Designed for lightweight cushioning and everyday lifestyle wear, it provides a retro look while ensuring modern durability and flexibility.",4.8,127,"US 7, US 8, US 8.5, US 9, US 9.5, US 10, US 10.5, US 11, US 12",Black/White,Kids,2026-05-24 23:19:22,2026-05-24 23:19:22
SP2422,Nike Calm 2.0Little Kids' Slides,Nike,Sneakers,780000.0,,"https://static.nike.com/a/images/t_web_pw_592_v2/f_auto/u_9ddf04c7-2a9a-4d76-add1-d15af8f0263d,c_scale,fl_relative,w_1.0,h_1.0,fl_layer_apply/c70f6b99-518e-4cb2-ba06-ea4db0277ef8/NIKE+CALM+SLIDE+2.0+%28PS%29.png",64,AVAILABLE,"Engineered with a responsive midsole system and secure support, this Nike sneaker is a great choice for enthusiasts.",4.8,24,"US 7, US 8, US 8.5, US 9, US 9.5, US 10, US 10.5, US 11, US 12",Blue/White,Kids,2026-05-24 23:19:22,2026-05-24 23:19:22
SP2423,"Air Jordan 12 Retro ""Bloodline""Big Kids' Shoes",Jordan,Sneakers,4030000.0,4820000.0,"https://static.nike.com/a/images/t_web_pw_592_v2/f_auto/u_126ab356-44d8-4a06-89b4-fcdcc8df0245,c_scale,fl_relative,w_1.0,h_1.0,fl_layer_apply/101f4169-4762-42e4-9855-f5c241e17c51/AIR+JORDAN+12+RETRO+%28GS%29.png",107,AVAILABLE,"Featuring premium materials and signature Jordan design details, this sneaker delivers excellent impact protection and unmatched comfort.",4.8,102,"US 7, US 8, US 8.5, US 9, US 9.5, US 10, US 10.5, US 11, US 12",Sail/Navy,Kids,2026-05-24 23:19:22,2026-05-24 23:19:22
SP2424,Nike KawaLittle/Big Kids' Slides,Nike,Sneakers,780000.0,,"https://static.nike.com/a/images/t_web_pw_592_v2/f_auto/u_9ddf04c7-2a9a-4d76-add1-d15af8f0263d,c_scale,fl_relative,w_1.0,h_1.0,fl_layer_apply/duaqtsfv4rjxw5ntqjv5/NIKE+KAWA+SLIDE+%28GS%2FPS%29.png",104,AVAILABLE,"Crafted with durable uppers and specialized traction, this Nike release blends legendary sportswear history with contemporary performance.",4.9,118,"US 7, US 8, US 8.5, US 9, US 9.5, US 10, US 10.5, US 11, US 12",Varsity Red/Black,Kids,2026-05-24 23:19:22,2026-05-24 23:19:22
SP2425,Nike KawaBaby/Toddler Slides,Nike,Sneakers,728000.0,,"https://static.nike.com/a/images/t_web_pw_592_v2/f_auto/u_9ddf04c7-2a9a-4d76-add1-d15af8f0263d,c_scale,fl_relative,w_1.0,h_1.0,fl_layer_apply/b6dddf77-d982-4c29-bc99-2e0a32befac9/NIKE+KAWA+SLIDE+%28TD%29.png",67,AVAILABLE,"Crafted with durable uppers and specialized traction, this Nike release blends legendary sportswear history with contemporary performance.",4.4,76,"US 7, US 8, US 8.5, US 9, US 9.5, US 10, US 10.5, US 11, US 12",Navy/White,Men,2026-05-24 23:19:22,2026-05-24 23:19:22
SP2426,Nike Sunray Protect 4Little Kids' Sandals,Nike,Sneakers,1040000.0,,"https://static.nike.com/a/images/t_web_pw_592_v2/f_auto/u_9ddf04c7-2a9a-4d76-add1-d15af8f0263d,c_scale,fl_relative,w_1.0,h_1.0,fl_layer_apply/38c56947-dd6a-4028-97b2-dadc21600c60/SUNRAY+PROTECT+4+%28PS%29.png",59,AVAILABLE,"A historic Nike silhouette reimagined with a modern aesthetic, it showcases classic color-blocking that elevates any casual outfit.",4.5,123,"US 7, US 8, US 8.5, US 9, US 9.5, US 10, US 10.5, US 11, US 12",Bred,Kids,2026-05-24 23:19:22,2026-05-24 23:19:22
SP2427,Nike Sunray Protect 4Baby/Toddler Sandals,Nike,Sneakers,988000.0,1160000.0,"https://static.nike.com/a/images/t_web_pw_592_v2/f_auto/u_9ddf04c7-2a9a-4d76-add1-d15af8f0263d,c_scale,fl_relative,w_1.0,h_1.0,fl_layer_apply/2e8126c4-9889-44d1-aad8-89487f652fa9/SUNRAY+PROTECT+4+%28TD%29.png",95,AVAILABLE,"Engineered with a responsive midsole system and secure support, this Nike sneaker is a great choice for enthusiasts.",4.4,92,"US 7, US 8, US 8.5, US 9, US 9.5, US 10, US 10.5, US 11, US 12",Sail/Navy,Women,2026-05-24 23:19:22,2026-05-24 23:19:22
SP2428,Nike Air Max 95 x LEGO® CollectionBig Kids' Shoes,Nike,Sneakers,4212000.0,,"https://static.nike.com/a/images/t_web_pw_592_v2/f_auto/u_9ddf04c7-2a9a-4d76-add1-d15af8f0263d,c_scale,fl_relative,w_1.0,h_1.0,fl_layer_apply/06f396dd-f4bd-4849-ac01-6f6d088f2282/NIKE+AIR+MAX+95+x+LEGO+Col+GS.png",90,AVAILABLE,"Crafted with durable uppers and specialized traction, this Nike release blends legendary sportswear history with contemporary performance.",4.8,95,"US 7, US 8, US 8.5, US 9, US 9.5, US 10, US 10.5, US 11, US 12",White/Black,Kids,2026-05-24 23:19:22,2026-05-24 23:19:22
SP2429,Nike Air Max 95 x LEGO® CollectionLittle Kids' Shoes,Nike,Sneakers,3432000.0,,"https://static.nike.com/a/images/t_web_pw_592_v2/f_auto/u_9ddf04c7-2a9a-4d76-add1-d15af8f0263d,c_scale,fl_relative,w_1.0,h_1.0,fl_layer_apply/e011b2fd-9456-49c8-b1f4-267dbca12ad6/NIKE+AIR+MAX+95+x+LEGO+Col+PS.png",97,AVAILABLE,"Designed for lightweight cushioning and everyday lifestyle wear, it provides a retro look while ensuring modern durability and flexibility.",4.8,29,"US 7, US 8, US 8.5, US 9, US 9.5, US 10, US 10.5, US 11, US 12",Navy/White,Kids,2026-05-24 23:19:22,2026-05-24 23:19:22
SP2430,Kobe IX EliteBig Kids' Basketball Shoes,Nike,Sneakers,3640000.0,4370000.0,"https://static.nike.com/a/images/t_web_pw_592_v2/f_auto/u_9ddf04c7-2a9a-4d76-add1-d15af8f0263d,c_scale,fl_relative,w_1.0,h_1.0,fl_layer_apply/956f694e-6ab5-48c5-a47d-fef6286590a8/KOBE+IX+ELITE+%28GS%29.png",62,AVAILABLE,"Designed for lightweight cushioning and everyday lifestyle wear, it provides a retro look while ensuring modern durability and flexibility.",4.7,106,"US 7, US 8, US 8.5, US 9, US 9.5, US 10, US 10.5, US 11, US 12",Triple Black,Kids,2026-05-24 23:19:22,2026-05-24 23:19:22
SP2431,Nike Bold PlayLittle Kids' Boxy T-Shirt,Nike,Clothing,624000.0,800000.0,"https://static.nike.com/a/images/t_web_pw_592_v2/f_auto/u_9ddf04c7-2a9a-4d76-add1-d15af8f0263d,c_scale,fl_relative,w_1.0,h_1.0,fl_layer_apply/ff99adab-0a06-4043-bb07-34f4250c6cb1/BOLD+PLAY+BOXY+TEE.png",111,AVAILABLE,"Featuring premium materials and signature Nike design details, this sneaker delivers excellent impact protection and unmatched comfort.",4.7,121,"US 7, US 8, US 8.5, US 9, US 9.5, US 10, US 10.5, US 11, US 12",Bred,Kids,2026-05-24 23:19:22,2026-05-24 23:19:22
SP2432,Nike Pro FleeceBig Kids' (Girls') Dri-FIT Full-Zip Hoodie,Nike,Clothing,1430000.0,1660000.0,"https://static.nike.com/a/images/t_web_pw_592_v2/f_auto/u_9ddf04c7-2a9a-4d76-add1-d15af8f0263d,c_scale,fl_relative,w_1.0,h_1.0,fl_layer_apply/eb2393c3-ec65-4167-b1b6-eb1ab09b0f1e/G+NP+DF+FZ+FLC+HDY.png",106,AVAILABLE,"Engineered with a responsive midsole system and secure support, this Nike sneaker is a great choice for enthusiasts.",4.7,40,"US 7, US 8, US 8.5, US 9, US 9.5, US 10, US 10.5, US 11, US 12",Black/White,Kids,2026-05-24 23:19:22,2026-05-24 23:19:22
SP2433,Nike Pro FleeceBig Kids' (Girls') Dri-FIT Joggers,Nike,Clothing,1170000.0,,"https://static.nike.com/a/images/t_web_pw_592_v2/f_auto/u_9ddf04c7-2a9a-4d76-add1-d15af8f0263d,c_scale,fl_relative,w_1.0,h_1.0,fl_layer_apply/08cdb5b6-6885-4d14-8929-d92bd624090a/G+NP+DF+FLC+JGGR.png",106,AVAILABLE,"Featuring premium materials and signature Nike design details, this sneaker delivers excellent impact protection and unmatched comfort.",4.5,129,"US 7, US 8, US 8.5, US 9, US 9.5, US 10, US 10.5, US 11, US 12",Triple Black,Kids,2026-05-24 23:19:22,2026-05-24 23:19:22
SP2434,Nike MAVNGirls' Dri-FIT Knit Tank Top,Nike,Clothing,1040000.0,,"https://static.nike.com/a/images/t_web_pw_592_v2/f_auto/u_9ddf04c7-2a9a-4d76-add1-d15af8f0263d,c_scale,fl_relative,w_1.0,h_1.0,fl_layer_apply/5b721003-af56-4d77-9c7a-036aae07b933/G+NK+MAVN+DF+RIBBED+TANK+TOP.png",22,AVAILABLE,"Engineered with a responsive midsole system and secure support, this Nike sneaker is a great choice for enthusiasts.",4.3,45,"US 7, US 8, US 8.5, US 9, US 9.5, US 10, US 10.5, US 11, US 12",Olive/Gum,Men,2026-05-24 23:19:22,2026-05-24 23:19:22
SP2435,Nike MAVNGirls' High-Rise Therma-FIT Knit Pants,Nike,Clothing,2340000.0,2990000.0,"https://static.nike.com/a/images/t_web_pw_592_v2/f_auto/u_9ddf04c7-2a9a-4d76-add1-d15af8f0263d,c_scale,fl_relative,w_1.0,h_1.0,fl_layer_apply/593b2c63-5b15-4df1-a09d-349c5a6c0cef/G+NK+MAVN+TF+HR+KNIT+PANT.png",110,AVAILABLE,"A historic Nike silhouette reimagined with a modern aesthetic, it showcases classic color-blocking that elevates any casual outfit.",4.5,32,"US 7, US 8, US 8.5, US 9, US 9.5, US 10, US 10.5, US 11, US 12",Triple Black,Men,2026-05-24 23:19:22,2026-05-24 23:19:22
SP2436,Nike Sportswear ClubBig Kids' Woven Cargo Shorts,Nike,Clothing,1170000.0,,"https://static.nike.com/a/images/t_web_pw_592_v2/f_auto/u_9ddf04c7-2a9a-4d76-add1-d15af8f0263d,c_scale,fl_relative,w_1.0,h_1.0,fl_layer_apply/8150bee5-3117-4932-8ea6-f813b82f6e89/K+NSW+CLUB+WVN+CRGO+SHORT.png",110,AVAILABLE,"Designed for lightweight cushioning and everyday lifestyle wear, it provides a retro look while ensuring modern durability and flexibility.",4.6,137,"US 7, US 8, US 8.5, US 9, US 9.5, US 10, US 10.5, US 11, US 12",Navy/White,Kids,2026-05-24 23:19:22,2026-05-24 23:19:22
SP2437,NikeBig Kids' Max90 T-Shirt,Nike,Clothing,780000.0,,"https://static.nike.com/a/images/t_web_pw_592_v2/f_auto/u_9ddf04c7-2a9a-4d76-add1-d15af8f0263d,c_scale,fl_relative,w_1.0,h_1.0,fl_layer_apply/223dc3b4-811d-4ede-8e76-06063b0ad6be/K+NK+TEE+M90+OC.png",54,AVAILABLE,"Engineered with a responsive midsole system and secure support, this Nike sneaker is a great choice for enthusiasts.",4.7,123,"US 7, US 8, US 8.5, US 9, US 9.5, US 10, US 10.5, US 11, US 12",University Blue,Kids,2026-05-24 23:19:22,2026-05-24 23:19:22
SP2438,Nike SportswearKids' Loose Open-Hem Pants,Nike,Clothing,1300000.0,1490000.0,"https://static.nike.com/a/images/t_web_pw_592_v2/f_auto/u_9ddf04c7-2a9a-4d76-add1-d15af8f0263d,c_scale,fl_relative,w_1.0,h_1.0,fl_layer_apply/5529386b-f9f9-4a2e-8261-b3f2cd1a183a/K+NSW+LOOSE+OH+PANT+LBR.png",23,AVAILABLE,"Featuring premium materials and signature Nike design details, this sneaker delivers excellent impact protection and unmatched comfort.",4.6,6,"US 7, US 8, US 8.5, US 9, US 9.5, US 10, US 10.5, US 11, US 12",Multi-Color,Kids,2026-05-24 23:19:22,2026-05-24 23:19:22
SP2439,"Nike Sportswear ClubBig Kids' 4.5"" Woven Shorts",Nike,Clothing,910000.0,,https://static.nike.com/a/images/t_web_pw_592_v2/f_auto/7725b0a3-5818-4983-a5cd-a883177e566a/K+NSW+CLUB+WVN+SHORT+4.5IN.png,104,AVAILABLE,"Engineered with a responsive midsole system and secure support, this Nike sneaker is a great choice for enthusiasts.",4.6,102,"US 7, US 8, US 8.5, US 9, US 9.5, US 10, US 10.5, US 11, US 12",Blue/White,Kids,2026-05-24 23:19:22,2026-05-24 23:19:22
SP2440,Nike SportswearBig Kids' Pocket T-Shirt,Nike,Clothing,650000.0,730000.0,"https://static.nike.com/a/images/t_web_pw_592_v2/f_auto/u_9ddf04c7-2a9a-4d76-add1-d15af8f0263d,c_scale,fl_relative,w_1.0,h_1.0,fl_layer_apply/571831c9-1b66-47bb-8871-bd29a7e921d8/K+NSW+TEE+POCKET+SDC.png",76,AVAILABLE,"Engineered with a responsive midsole system and secure support, this Nike sneaker is a great choice for enthusiasts.",4.4,113,"US 7, US 8, US 8.5, US 9, US 9.5, US 10, US 10.5, US 11, US 12",Grey Castlerock,Kids,2026-05-24 23:19:22,2026-05-24 23:19:22
SP2441,Nike SportswearGirls' French Terry Shorts,Nike,Clothing,1040000.0,,"https://static.nike.com/a/images/t_web_pw_592_v2/f_auto/u_9ddf04c7-2a9a-4d76-add1-d15af8f0263d,c_scale,fl_relative,w_1.0,h_1.0,fl_layer_apply/134ef831-852b-4321-ab9e-4299efb69e9f/G+NSW+DF+FLC+SHORT.png",87,AVAILABLE,"Engineered with a responsive midsole system and secure support, this Nike sneaker is a great choice for enthusiasts.",4.3,120,"US 7, US 8, US 8.5, US 9, US 9.5, US 10, US 10.5, US 11, US 12",Grey/White,Unisex,2026-05-24 23:19:22,2026-05-24 23:19:22
SP2442,Nike ProBig Kids' (Girls') Dri-FIT Tank Top,Nike,Clothing,962000.0,1110000.0,"https://static.nike.com/a/images/t_web_pw_592_v2/f_auto/u_9ddf04c7-2a9a-4d76-add1-d15af8f0263d,c_scale,fl_relative,w_1.0,h_1.0,fl_layer_apply/123e3714-a022-4499-886d-d6b42a767c5f/G+NP+DF+TANK.png",90,AVAILABLE,"Engineered with a responsive midsole system and secure support, this Nike sneaker is a great choice for enthusiasts.",4.8,35,"US 7, US 8, US 8.5, US 9, US 9.5, US 10, US 10.5, US 11, US 12",Grey Castlerock,Kids,2026-05-24 23:19:22,2026-05-24 23:19:22
SP2443,Nike ProBig Kids' (Girls') Dri-FIT 1/2-Zip Training Top,Nike,Clothing,1560000.0,1890000.0,"https://static.nike.com/a/images/t_web_pw_592_v2/f_auto/u_9ddf04c7-2a9a-4d76-add1-d15af8f0263d,c_scale,fl_relative,w_1.0,h_1.0,fl_layer_apply/fc9f4601-b9d2-4380-9ea3-c9aaf3f6600f/G+NP+DF+DRESS.png",92,AVAILABLE,"A historic Nike silhouette reimagined with a modern aesthetic, it showcases classic color-blocking that elevates any casual outfit.",4.8,73,"US 7, US 8, US 8.5, US 9, US 9.5, US 10, US 10.5, US 11, US 12",Olive/Gum,Kids,2026-05-24 23:19:22,2026-05-24 23:19:22
SP2444,Nike SportswearBig Kids' (Girls') T-Shirt,Nike,Clothing,650000.0,,"https://static.nike.com/a/images/t_web_pw_592_v2/f_auto/u_9ddf04c7-2a9a-4d76-add1-d15af8f0263d,c_scale,fl_relative,w_1.0,h_1.0,fl_layer_apply/cc26561f-849f-4ec7-8f44-062561062da7/G+NSW+TEE+OC+BOXY+CAMP.png",65,AVAILABLE,"Engineered with a responsive midsole system and secure support, this Nike sneaker is a great choice for enthusiasts.",4.5,78,"US 7, US 8, US 8.5, US 9, US 9.5, US 10, US 10.5, US 11, US 12",Grey Castlerock,Kids,2026-05-24 23:19:22,2026-05-24 23:19:22
SP2445,Nike Sportswear ClubBig Kids' Woven Cargo Pants,Nike,Clothing,1690000.0,2190000.0,"https://static.nike.com/a/images/t_web_pw_592_v2/f_auto/u_9ddf04c7-2a9a-4d76-add1-d15af8f0263d,c_scale,fl_relative,w_1.0,h_1.0,fl_layer_apply/941d461a-2e88-41a0-9183-a4e7a770ab83/K+NSW+CLUB+WVN+CRGO+PNT.png",56,AVAILABLE,"Engineered with a responsive midsole system and secure support, this Nike sneaker is a great choice for enthusiasts.",4.5,34,"US 7, US 8, US 8.5, US 9, US 9.5, US 10, US 10.5, US 11, US 12",Grey Castlerock,Kids,2026-05-24 23:19:22,2026-05-24 23:19:22
SP2446,"Nike CourtBig Kids' Dri-FIT 5"" Basketball Shorts",Nike,Clothing,728000.0,,"https://static.nike.com/a/images/t_web_pw_592_v2/f_auto/u_9ddf04c7-2a9a-4d76-add1-d15af8f0263d,c_scale,fl_relative,w_1.0,h_1.0,fl_layer_apply/0b07528e-971e-42a3-941b-c7b31fbeffd5/K+NK+DF+COURT+SHORT+5IN.png",109,AVAILABLE,"Designed for lightweight cushioning and everyday lifestyle wear, it provides a retro look while ensuring modern durability and flexibility.",4.9,128,"US 7, US 8, US 8.5, US 9, US 9.5, US 10, US 10.5, US 11, US 12",Navy/White,Kids,2026-05-24 23:19:22,2026-05-24 23:19:22
SP2447,Nike Sportswear ClubBig Kids' Repel Coaches' Jacket,Nike,Clothing,1820000.0,,"https://static.nike.com/a/images/t_web_pw_592_v2/f_auto/u_9ddf04c7-2a9a-4d76-add1-d15af8f0263d,c_scale,fl_relative,w_1.0,h_1.0,fl_layer_apply/82361abd-56da-40d6-abdc-495f1830bae2/K+NSW+RPL+CLUB+WVN+COACH+JKT+-.png",70,AVAILABLE,"Engineered with a responsive midsole system and secure support, this Nike sneaker is a great choice for enthusiasts.",4.9,100,"US 7, US 8, US 8.5, US 9, US 9.5, US 10, US 10.5, US 11, US 12",Light Bone,Kids,2026-05-24 23:19:22,2026-05-24 23:19:22
SP2448,Nike Sportswear ClubBig Kids' Knit Short-Sleeve Polo,Nike,Sneakers,910000.0,1120000.0,"https://static.nike.com/a/images/t_web_pw_592_v2/f_auto/u_9ddf04c7-2a9a-4d76-add1-d15af8f0263d,c_scale,fl_relative,w_1.0,h_1.0,fl_layer_apply/9cc468ea-d18d-4ce9-a54c-9617faadcb52/K+NSW+CLUB+KNIT+SS+POLO+LBR.png",104,AVAILABLE,"Crafted with durable uppers and specialized traction, this Nike release blends legendary sportswear history with contemporary performance.",4.2,86,"US 7, US 8, US 8.5, US 9, US 9.5, US 10, US 10.5, US 11, US 12",Blue/White,Kids,2026-05-24 23:19:22,2026-05-24 23:19:22
SP2449,NikeLunch Tote with Pencil Bag (4L),Nike,Accessories,832000.0,,"https://static.nike.com/a/images/t_web_pw_592_v2/f_auto/u_9ddf04c7-2a9a-4d76-add1-d15af8f0263d,c_scale,fl_relative,w_1.0,h_1.0,fl_layer_apply/8bb4489a-509c-45da-8362-faf491ca8a00/NIKE+LUNCH+TOTE+W%2F+PENCIL.png",115,AVAILABLE,"A historic Nike silhouette reimagined with a modern aesthetic, it showcases classic color-blocking that elevates any casual outfit.",4.4,145,"US 7, US 8, US 8.5, US 9, US 9.5, US 10, US 10.5, US 11, US 12",Volt/Black,Women,2026-05-24 23:19:22,2026-05-24 23:19:22
SP2450,"Nike BrasiliaTraining Duffel Bag (Small, 41L)",Nike,Accessories,1092000.0,,"https://static.nike.com/a/images/t_web_pw_592_v2/f_auto/u_9ddf04c7-2a9a-4d76-add1-d15af8f0263d,c_scale,fl_relative,w_1.0,h_1.0,fl_layer_apply/444549df-046c-44f6-992c-43fd637f0786/NK+BRSLA+S+DUFF+-+9.5+%2841L%29.png",35,AVAILABLE,"Engineered with a responsive midsole system and secure support, this Nike sneaker is a great choice for enthusiasts.",4.4,147,"US 7, US 8, US 8.5, US 9, US 9.5, US 10, US 10.5, US 11, US 12",Triple White,Unisex,2026-05-24 23:19:22,2026-05-24 23:19:22
SP2451,NikeLittle Kids' Futura Curved Brim Cap,Nike,Accessories,468000.0,,"https://static.nike.com/a/images/t_web_pw_592_v2/f_auto/u_9ddf04c7-2a9a-4d76-add1-d15af8f0263d,c_scale,fl_relative,w_1.0,h_1.0,fl_layer_apply/5aa48e81-2b6a-4185-8c20-f9c1728a44ea/FUTURA+CURVE+BRIM+CAP.png",106,AVAILABLE,"A historic Nike silhouette reimagined with a modern aesthetic, it showcases classic color-blocking that elevates any casual outfit.",4.8,101,"US 7, US 8, US 8.5, US 9, US 9.5, US 10, US 10.5, US 11, US 12",Black/White,Kids,2026-05-24 23:19:22,2026-05-24 23:19:22
SP2452,Nike Futura Curved Brim CapToddler Hat,Nike,Accessories,468000.0,600000.0,"https://static.nike.com/a/images/t_web_pw_592_v2/f_auto/u_9ddf04c7-2a9a-4d76-add1-d15af8f0263d,c_scale,fl_relative,w_1.0,h_1.0,fl_layer_apply/688577cc-bb09-4127-a551-0b6a375428b9/FUTURA+CURVE+BRIM+CAP.png",69,AVAILABLE,"A historic Nike silhouette reimagined with a modern aesthetic, it showcases classic color-blocking that elevates any casual outfit.",4.8,8,"US 7, US 8, US 8.5, US 9, US 9.5, US 10, US 10.5, US 11, US 12",Cream/Sand,Unisex,2026-05-24 23:19:22,2026-05-24 23:19:22
SP2453,NikeLittle Kids' Bucket Hat,Nike,Accessories,572000.0,660000.0,"https://static.nike.com/a/images/t_web_pw_592_v2/f_auto/u_9ddf04c7-2a9a-4d76-add1-d15af8f0263d,c_scale,fl_relative,w_1.0,h_1.0,fl_layer_apply/4018511d-ba37-4f07-9dfe-7bbb2e8ee61a/UPF+40%2B+INFANT+BUCKET+HAT.png",117,AVAILABLE,"Engineered with a responsive midsole system and secure support, this Nike sneaker is a great choice for enthusiasts.",4.3,27,"US 7, US 8, US 8.5, US 9, US 9.5, US 10, US 10.5, US 11, US 12",Olive/Gum,Kids,2026-05-24 23:19:22,2026-05-24 23:19:22
SP2454,Nike JDI BackpackKids' Mini Backpack (11L),Nike,Accessories,832000.0,1080000.0,"https://static.nike.com/a/images/t_web_pw_592_v2/f_auto/u_9ddf04c7-2a9a-4d76-add1-d15af8f0263d,c_scale,fl_relative,w_1.0,h_1.0,fl_layer_apply/6f928fc5-ddb4-4a25-9045-2c407153e22f/Y+NK+JDI+MINI+BKPK+-+SU26+AOP.png",54,AVAILABLE,"Designed for lightweight cushioning and everyday lifestyle wear, it provides a retro look while ensuring modern durability and flexibility.",4.3,28,"US 7, US 8, US 8.5, US 9, US 9.5, US 10, US 10.5, US 11, US 12",White/Black,Kids,2026-05-24 23:19:22,2026-05-24 23:19:22
SP2455,Nike ElementalBig Kids' Backpack (20L),Nike,Accessories,1014000.0,,"https://static.nike.com/a/images/t_web_pw_592_v2/f_auto/u_9ddf04c7-2a9a-4d76-add1-d15af8f0263d,c_scale,fl_relative,w_1.0,h_1.0,fl_layer_apply/790e0b44-6caa-40a9-9160-92b47dad1682/Y+NK+ELMNTL+BKPK+SHOEBOX.png",97,AVAILABLE,"Designed for lightweight cushioning and everyday lifestyle wear, it provides a retro look while ensuring modern durability and flexibility.",4.4,33,"US 7, US 8, US 8.5, US 9, US 9.5, US 10, US 10.5, US 11, US 12",Pine Green,Kids,2026-05-24 23:19:22,2026-05-24 23:19:22
SP2456,Nike Everyday ElevatedCrew Socks (6 Pairs),Nike,Accessories,780000.0,,"https://static.nike.com/a/images/t_web_pw_592_v2/f_auto/u_9ddf04c7-2a9a-4d76-add1-d15af8f0263d,c_scale,fl_relative,w_1.0,h_1.0,fl_layer_apply/4536ecd3-e096-4f26-b36f-9a9ff0b2c5b1/U+NK+ED+ELVD+CRW+6P+-+144.png",70,AVAILABLE,"A historic Nike silhouette reimagined with a modern aesthetic, it showcases classic color-blocking that elevates any casual outfit.",4.4,15,"US 7, US 8, US 8.5, US 9, US 9.5, US 10, US 10.5, US 11, US 12",Multi-Color,Women,2026-05-24 23:19:22,2026-05-24 23:19:22
SP2457,NikeFutura Plus Lunch Tote (9L),Nike,Sneakers,1170000.0,1330000.0,"https://static.nike.com/a/images/t_web_pw_592_v2/f_auto/u_9ddf04c7-2a9a-4d76-add1-d15af8f0263d,c_scale,fl_relative,w_1.0,h_1.0,fl_layer_apply/3cb2ea16-b5d5-45a9-8f7b-64ee60162541/SPORTSWEAR+PLUS+LUNCH+BAG.png",16,AVAILABLE,"Featuring premium materials and signature Nike design details, this sneaker delivers excellent impact protection and unmatched comfort.",4.5,101,"US 7, US 8, US 8.5, US 9, US 9.5, US 10, US 10.5, US 11, US 12",Grey Castlerock,Women,2026-05-24 23:19:22,2026-05-24 23:19:22
SP2458,Jordan Everyday EssentialsBaby /Toddler Ankle Socks (6 Pairs),Jordan,Accessories,390000.0,490000.0,"https://static.nike.com/a/images/t_web_pw_592_v2/f_auto/u_126ab356-44d8-4a06-89b4-fcdcc8df0245,c_scale,fl_relative,w_1.0,h_1.0,fl_layer_apply/150b8477-9b47-4262-907e-f7319f1cb5bb/INFANT+TOD+EVERYDAY+ESS.png",117,AVAILABLE,"Crafted with durable uppers and specialized traction, this Jordan release blends legendary sportswear history with contemporary performance.",4.5,80,"US 7, US 8, US 8.5, US 9, US 9.5, US 10, US 10.5, US 11, US 12",Blue/White,Men,2026-05-24 23:19:22,2026-05-24 23:19:22
SP2459,NikeKids' Backpack,Nike,Accessories,1300000.0,1670000.0,"https://static.nike.com/a/images/t_web_pw_592_v2/f_auto/u_9ddf04c7-2a9a-4d76-add1-d15af8f0263d,c_scale,fl_relative,w_1.0,h_1.0,fl_layer_apply/b3526b49-9c98-4c48-b54d-74044f3300e1/Y+NK+BOXY+BKPK.png",96,AVAILABLE,"Engineered with a responsive midsole system and secure support, this Nike sneaker is a great choice for enthusiasts.",4.8,56,"US 7, US 8, US 8.5, US 9, US 9.5, US 10, US 10.5, US 11, US 12",Triple Black,Kids,2026-05-24 23:19:22,2026-05-24 23:19:22
SP2460,Nike Everyday Plus CushionedTraining Ankle Socks (6 Pairs),Nike,Accessories,728000.0,,"https://static.nike.com/a/images/t_web_pw_592_v2/f_auto/u_9ddf04c7-2a9a-4d76-add1-d15af8f0263d,c_scale,fl_relative,w_1.0,h_1.0,fl_layer_apply/781fa087-b085-42ba-b3a0-1527ae50f1b8/U+NK+EVRY+PLS+CUSH+ANKL+6PR-BD.png",28,AVAILABLE,"Designed for lightweight cushioning and everyday lifestyle wear, it provides a retro look while ensuring modern durability and flexibility.",4.5,132,"US 7, US 8, US 8.5, US 9, US 9.5, US 10, US 10.5, US 11, US 12",Varsity Red/Black,Men,2026-05-24 23:19:22,2026-05-24 23:19:22
SP2461,NikeShine Insulated Lunch Bag (6L),Nike,Accessories,780000.0,,"https://static.nike.com/a/images/t_web_pw_592_v2/f_auto/u_9ddf04c7-2a9a-4d76-add1-d15af8f0263d,c_scale,fl_relative,w_1.0,h_1.0,fl_layer_apply/83097cd7-6cb9-48c1-846e-cb756bbe1714/NAN+SHINE+INSULATED+LUNCH+BAG.png",66,AVAILABLE,"Designed for lightweight cushioning and everyday lifestyle wear, it provides a retro look while ensuring modern durability and flexibility.",4.6,9,"US 7, US 8, US 8.5, US 9, US 9.5, US 10, US 10.5, US 11, US 12",Black/White,Men,2026-05-24 23:19:22,2026-05-24 23:19:22
SP2462,Nike ClubKids' Unstructured Futura Wash Cap,Nike,Accessories,572000.0,,"https://static.nike.com/a/images/t_web_pw_592_v2/f_auto/u_9ddf04c7-2a9a-4d76-add1-d15af8f0263d,c_scale,fl_relative,w_1.0,h_1.0,fl_layer_apply/cb83d319-d0f9-4046-bb9c-b5769eabebe8/K+NK+CLUB+CAP+US+CB+FUT+WSH.png",62,AVAILABLE,"Crafted with durable uppers and specialized traction, this Nike release blends legendary sportswear history with contemporary performance.",4.8,5,"US 7, US 8, US 8.5, US 9, US 9.5, US 10, US 10.5, US 11, US 12",Cream/Sand,Kids,2026-05-24 23:19:22,2026-05-24 23:19:22
SP2463,Nike Everyday Plus CushionedTraining Crew Socks (6 Pairs),Nike,Accessories,728000.0,,"https://static.nike.com/a/images/t_web_pw_592_v2/f_auto/u_9ddf04c7-2a9a-4d76-add1-d15af8f0263d,c_scale,fl_relative,w_1.0,h_1.0,fl_layer_apply/d975d116-ae6f-48e9-80b0-00d54051dc3d/U+NK+ED+PLS+CSH+CRW+6PR+-+132.png",31,AVAILABLE,"Engineered with a responsive midsole system and secure support, this Nike sneaker is a great choice for enthusiasts.",4.6,139,"US 7, US 8, US 8.5, US 9, US 9.5, US 10, US 10.5, US 11, US 12",Bred,Men,2026-05-24 23:19:22,2026-05-24 23:19:22
SP2464,Nike Brasilia JDIMini Backpack (11L),Nike,Accessories,1170000.0,,"https://static.nike.com/a/images/t_web_pw_592_v2/f_auto/u_9ddf04c7-2a9a-4d76-add1-d15af8f0263d,c_scale,fl_relative,w_1.0,h_1.0,fl_layer_apply/482c683e-a9c2-48e9-b642-be31f02721ef/Y+NK+BRSLA+JDI+MINI+BKPK-JELLY.png",38,AVAILABLE,"Featuring premium materials and signature Nike design details, this sneaker delivers excellent impact protection and unmatched comfort.",4.4,147,"US 7, US 8, US 8.5, US 9, US 9.5, US 10, US 10.5, US 11, US 12",Navy/White,Unisex,2026-05-24 23:19:22,2026-05-24 23:19:22
SP2465,Nike Futura Sportswear Lunch ToteLunch Bag (6.75L),Nike,Accessories,1040000.0,1320000.0,"https://static.nike.com/a/images/t_web_pw_592_v2/f_auto/u_9ddf04c7-2a9a-4d76-add1-d15af8f0263d,c_scale,fl_relative,w_1.0,h_1.0,fl_layer_apply/cffc1b46-aaca-4949-90a1-0c083e916dc7/FTRA+SPRTWR+LNCH+TO.png",58,AVAILABLE,"A historic Nike silhouette reimagined with a modern aesthetic, it showcases classic color-blocking that elevates any casual outfit.",4.6,133,"US 7, US 8, US 8.5, US 9, US 9.5, US 10, US 10.5, US 11, US 12",Varsity Red/Black,Unisex,2026-05-24 23:19:22,2026-05-24 23:19:22
SP2466,Nike Swim Easy FitLittle Kids' Goggles,Nike,Sneakers,494000.0,,"https://static.nike.com/a/images/t_web_pw_592_v2/f_auto/u_9ddf04c7-2a9a-4d76-add1-d15af8f0263d,c_scale,fl_relative,w_1.0,h_1.0,fl_layer_apply/3c5c5a0c-4ce4-4866-9922-35e28662c723/NIKE+EASY+FIT+KIDS%27.png",89,AVAILABLE,"Featuring premium materials and signature Nike design details, this sneaker delivers excellent impact protection and unmatched comfort.",4.4,13,"US 7, US 8, US 8.5, US 9, US 9.5, US 10, US 10.5, US 11, US 12",Shadow,Kids,2026-05-24 23:19:22,2026-05-24 23:19:22
SP2467,NikeLittle Kids' Statement Patch Club Cap,Nike,Accessories,572000.0,720000.0,"https://static.nike.com/a/images/t_web_pw_592_v2/f_auto/u_9ddf04c7-2a9a-4d76-add1-d15af8f0263d,c_scale,fl_relative,w_1.0,h_1.0,fl_layer_apply/ecc48812-996b-4b7d-8d0a-efbdc8164378/STATEMENT+PATCH+CLUB+CAP.png",106,AVAILABLE,"Crafted with durable uppers and specialized traction, this Nike release blends legendary sportswear history with contemporary performance.",4.9,137,"US 7, US 8, US 8.5, US 9, US 9.5, US 10, US 10.5, US 11, US 12",Bred,Men,2026-05-24 23:19:22,2026-05-24 23:19:22
SP2468,Nike Everyday ElevatedAnkle Socks (6 Pairs),Nike,Accessories,780000.0,970000.0,"https://static.nike.com/a/images/t_web_pw_592_v2/f_auto/u_9ddf04c7-2a9a-4d76-add1-d15af8f0263d,c_scale,fl_relative,w_1.0,h_1.0,fl_layer_apply/910ac619-2d2a-4c75-a115-cb88262abb50/U+NK+ED+ELVD+ANK+6P+-+144.png",24,AVAILABLE,"A historic Nike silhouette reimagined with a modern aesthetic, it showcases classic color-blocking that elevates any casual outfit.",4.6,9,"US 7, US 8, US 8.5, US 9, US 9.5, US 10, US 10.5, US 11, US 12",Volt/Black,Unisex,2026-05-24 23:19:22,2026-05-24 23:19:22
SP2469,Nike Dri-FIT ClubKids' Unstructured Featherlight Cap,Nike,Accessories,676000.0,,"https://static.nike.com/a/images/t_web_pw_592_v2/f_auto/u_9ddf04c7-2a9a-4d76-add1-d15af8f0263d,c_scale,fl_relative,w_1.0,h_1.0,fl_layer_apply/3bf6022f-1143-4531-9347-e5b00ec1db51/K+NK+DF+CLUB+CAP+US+CB+FTHLT.png",71,AVAILABLE,"Engineered with a responsive midsole system and secure support, this Nike sneaker is a great choice for enthusiasts.",4.4,64,"US 7, US 8, US 8.5, US 9, US 9.5, US 10, US 10.5, US 11, US 12",University Blue,Kids,2026-05-24 23:19:22,2026-05-24 23:19:22
SP2470,Nike EverydayKids' Cushioned Crew Socks (6 Pairs),Nike,Accessories,572000.0,660000.0,"https://static.nike.com/a/images/t_web_pw_592_v2/f_auto/u_9ddf04c7-2a9a-4d76-add1-d15af8f0263d,c_scale,fl_relative,w_1.0,h_1.0,fl_layer_apply/59a94726-558b-45d0-8b2d-df84d4fdd8a7/Y+NK+EVERYDY+CUSH+CREW+6PR+108.png",117,AVAILABLE,"Crafted with durable uppers and specialized traction, this Nike release blends legendary sportswear history with contemporary performance.",4.7,11,"US 7, US 8, US 8.5, US 9, US 9.5, US 10, US 10.5, US 11, US 12",University Blue,Kids,2026-05-24 23:19:22,2026-05-24 23:19:22
SP2471,Nike ElementalKids' Backpack (20L),Nike,Accessories,1092000.0,,"https://static.nike.com/a/images/t_web_pw_592_v2/f_auto/u_9ddf04c7-2a9a-4d76-add1-d15af8f0263d,c_scale,fl_relative,w_1.0,h_1.0,fl_layer_apply/771ca45d-2253-4e6d-8f31-031fd05a30fb/Y+NK+ELMNTL+BKPK+-+SP26+GFX.png",100,AVAILABLE,"Featuring premium materials and signature Nike design details, this sneaker delivers excellent impact protection and unmatched comfort.",4.7,22,"US 7, US 8, US 8.5, US 9, US 9.5, US 10, US 10.5, US 11, US 12",Blue/White,Kids,2026-05-24 23:19:22,2026-05-24 23:19:22
SP2472,Nike TechMen's Dri-FIT Woven Full-Zip Color-Block Windrunner Jacket,Nike,Clothing,3770000.0,,"https://static.nike.com/a/images/t_web_pw_592_v2/f_auto/u_9ddf04c7-2a9a-4d76-add1-d15af8f0263d,c_scale,fl_relative,w_1.0,h_1.0,fl_layer_apply/3112fbde-3201-43b5-997d-4bcc77a75f91/M+NK+TCH+DF+WV+CB+FZ+WR+JKT.png",16,AVAILABLE,"A historic Nike silhouette reimagined with a modern aesthetic, it showcases classic color-blocking that elevates any casual outfit.",4.3,50,"US 7, US 8, US 8.5, US 9, US 9.5, US 10, US 10.5, US 11, US 12",White/Black,Men,2026-05-24 23:19:22,2026-05-24 23:19:22
SP2473,Nike WindrunnerMen's Shorts,Nike,Clothing,1820000.0,,"https://static.nike.com/a/images/t_web_pw_592_v2/f_auto/u_9ddf04c7-2a9a-4d76-add1-d15af8f0263d,c_scale,fl_relative,w_1.0,h_1.0,fl_layer_apply/83813e88-55cc-41f0-877d-9a0cf7e8be0a/M+NK+WINDRUNNER+SHORT+8IN.png",118,AVAILABLE,"A historic Nike silhouette reimagined with a modern aesthetic, it showcases classic color-blocking that elevates any casual outfit.",4.6,89,"US 7, US 8, US 8.5, US 9, US 9.5, US 10, US 10.5, US 11, US 12",Cream/Sand,Men,2026-05-24 23:19:22,2026-05-24 23:19:22
SP2474,NikeSKIMS MatteWomen's Printed Padded Baby T-Shirt,Nike,Clothing,2028000.0,2440000.0,"https://static.nike.com/a/images/t_web_pw_592_v2/f_auto/u_9ddf04c7-2a9a-4d76-add1-d15af8f0263d,c_scale,fl_relative,w_1.0,h_1.0,fl_layer_apply/18026197-3835-44d8-bfcc-5de39b83001c/W+NSKM+MTE+BABY+SS+TEE+AOP.png",111,AVAILABLE,"Featuring premium materials and signature Nike design details, this sneaker delivers excellent impact protection and unmatched comfort.",4.6,60,"US 7, US 8, US 8.5, US 9, US 9.5, US 10, US 10.5, US 11, US 12",Cream/Sand,Women,2026-05-24 23:19:22,2026-05-24 23:19:22
SP2475,"NikeSKIMS MatteWomen's Printed High-Waisted Cropped 17"" Leggings",Nike,Sneakers,2808000.0,,"https://static.nike.com/a/images/t_web_pw_592_v2/f_auto/u_9ddf04c7-2a9a-4d76-add1-d15af8f0263d,c_scale,fl_relative,w_1.0,h_1.0,fl_layer_apply/ca096bd2-d318-46e9-b8b7-b18e5c36adc2/W+NSKM+MTE+CROP+TGT+17IN+AOP.png",37,AVAILABLE,"Crafted with durable uppers and specialized traction, this Nike release blends legendary sportswear history with contemporary performance.",4.8,138,"US 7, US 8, US 8.5, US 9, US 9.5, US 10, US 10.5, US 11, US 12",Varsity Red/Black,Women,2026-05-24 23:19:22,2026-05-24 23:19:22
SP2476,Nike V5 RNRBig Kids' Shoes,Nike,Sneakers,2002000.0,2320000.0,"https://static.nike.com/a/images/t_web_pw_592_v2/f_auto/u_9ddf04c7-2a9a-4d76-add1-d15af8f0263d,c_scale,fl_relative,w_1.0,h_1.0,fl_layer_apply/625e4723-3a38-4023-ac26-308220660961/NIKE+V5+RNR+%28GS%29.png",18,AVAILABLE,"Designed for lightweight cushioning and everyday lifestyle wear, it provides a retro look while ensuring modern durability and flexibility.",4.6,5,"US 7, US 8, US 8.5, US 9, US 9.5, US 10, US 10.5, US 11, US 12",Olive/Gum,Kids,2026-05-24 23:19:22,2026-05-24 23:19:22
SP2477,Nike x LEGO® CollectionBig Kids' Logo T-Shirt,Nike,Clothing,910000.0,1150000.0,"https://static.nike.com/a/images/t_web_pw_592_v2/f_auto/u_9ddf04c7-2a9a-4d76-add1-d15af8f0263d,c_scale,fl_relative,w_1.0,h_1.0,fl_layer_apply/3f70e848-190c-46b5-b1af-79d39ae769a3/NIKE+X+LEGO+COL+LOGO+T-SHIRT.png",98,AVAILABLE,"Crafted with durable uppers and specialized traction, this Nike release blends legendary sportswear history with contemporary performance.",4.7,134,"US 7, US 8, US 8.5, US 9, US 9.5, US 10, US 10.5, US 11, US 12",Blue/White,Kids,2026-05-24 23:19:22,2026-05-24 23:19:22
SP2478,Nike Vapor 12Women's Hard Court Tennis Shoes,Nike,Sneakers,4940000.0,5980000.0,"https://static.nike.com/a/images/t_web_pw_592_v2/f_auto/u_9ddf04c7-2a9a-4d76-add1-d15af8f0263d,c_scale,fl_relative,w_1.0,h_1.0,fl_layer_apply/3afacfeb-6957-4079-88a0-f98881e3e5d8/W+ZOOM+VAPOR+12+HC+PRM.png",107,AVAILABLE,"A historic Nike silhouette reimagined with a modern aesthetic, it showcases classic color-blocking that elevates any casual outfit.",4.3,56,"US 7, US 8, US 8.5, US 9, US 9.5, US 10, US 10.5, US 11, US 12",Cream/Sand,Women,2026-05-24 23:19:22,2026-05-24 23:19:22
SP2479,Nike Vapor Pro 3Women's Hard Court Tennis Shoes,Nike,Sneakers,3770000.0,,"https://static.nike.com/a/images/t_web_pw_592_v2/f_auto/u_9ddf04c7-2a9a-4d76-add1-d15af8f0263d,c_scale,fl_relative,w_1.0,h_1.0,fl_layer_apply/5c96b95b-9a71-48b3-832d-905326c2b3db/W+ZOOM+VAPOR+PRO+3+HC+PRM.png",73,AVAILABLE,"Crafted with durable uppers and specialized traction, this Nike release blends legendary sportswear history with contemporary performance.",4.7,33,"US 7, US 8, US 8.5, US 9, US 9.5, US 10, US 10.5, US 11, US 12",Black/White,Women,2026-05-24 23:19:22,2026-05-24 23:19:22
SP2480,"Air Jordan 11 Retro Low ""University Blue""Men's Shoes",Jordan,Sneakers,5070000.0,,"https://static.nike.com/a/images/t_web_pw_592_v2/f_auto/u_126ab356-44d8-4a06-89b4-fcdcc8df0245,c_scale,fl_relative,w_1.0,h_1.0,fl_layer_apply/7b368064-2bbe-4034-9400-a8a60730667d/AIR+JORDAN+11+RETRO+LOW.png",108,AVAILABLE,"Crafted with durable uppers and specialized traction, this Jordan release blends legendary sportswear history with contemporary performance.",4.7,45,"US 7, US 8, US 8.5, US 9, US 9.5, US 10, US 10.5, US 11, US 12",Black/White,Men,2026-05-24 23:19:22,2026-05-24 23:19:22
SP2481,"Ja 3 ""Raptor""Basketball Shoes",Nike,Sneakers,3510000.0,,"https://static.nike.com/a/images/t_web_pw_592_v2/f_auto/u_9ddf04c7-2a9a-4d76-add1-d15af8f0263d,c_scale,fl_relative,w_1.0,h_1.0,fl_layer_apply/ac827a2f-e395-43de-a5d1-808b5c2693b5/JA+3+JP.png",110,AVAILABLE,"Engineered with a responsive midsole system and secure support, this Nike sneaker is a great choice for enthusiasts.",4.7,81,"US 7, US 8, US 8.5, US 9, US 9.5, US 10, US 10.5, US 11, US 12",Multi-Color,Unisex,2026-05-24 23:19:22,2026-05-24 23:19:22
SP2482,"Air Jordan 5 Retro OG ""White Metallic""Big Kids' Shoes",Jordan,Sneakers,4290000.0,,"https://static.nike.com/a/images/t_web_pw_592_v2/f_auto/u_126ab356-44d8-4a06-89b4-fcdcc8df0245,c_scale,fl_relative,w_1.0,h_1.0,fl_layer_apply/e124de14-dba8-46d0-b0d9-d9ee970138f0/AIR+JORDAN+5+RETRO+OG+%28GS%29.png",50,AVAILABLE,"Crafted with durable uppers and specialized traction, this Jordan release blends legendary sportswear history with contemporary performance.",4.3,83,"US 7, US 8, US 8.5, US 9, US 9.5, US 10, US 10.5, US 11, US 12",Grey Castlerock,Kids,2026-05-24 23:19:22,2026-05-24 23:19:22
SP2483,Nike Icon ClassicWomen's Sandals,Nike,Sneakers,1690000.0,1940000.0,"https://static.nike.com/a/images/t_web_pw_592_v2/f_auto/u_9ddf04c7-2a9a-4d76-add1-d15af8f0263d,c_scale,fl_relative,w_1.0,h_1.0,fl_layer_apply/161f284e-437b-4b51-9654-9a05b2b3d1b1/W+NIKE+ICON+CLASSIC+SANDAL+NA.png",107,AVAILABLE,"A historic Nike silhouette reimagined with a modern aesthetic, it showcases classic color-blocking that elevates any casual outfit.",4.4,84,"US 7, US 8, US 8.5, US 9, US 9.5, US 10, US 10.5, US 11, US 12",Red/White,Women,2026-05-24 23:19:22,2026-05-24 23:19:22
SP2484,Jordan Spizike Low SEMen's Shoes,Jordan,Sneakers,4290000.0,,"https://static.nike.com/a/images/t_web_pw_592_v2/f_auto/u_126ab356-44d8-4a06-89b4-fcdcc8df0245,c_scale,fl_relative,w_1.0,h_1.0,fl_layer_apply/1b5c2a6a-cbd3-407c-bc87-cc3548d739d3/JORDAN+SPIZIKE+LOW+SE.png",99,AVAILABLE,"A historic Jordan silhouette reimagined with a modern aesthetic, it showcases classic color-blocking that elevates any casual outfit.",4.5,10,"US 7, US 8, US 8.5, US 9, US 9.5, US 10, US 10.5, US 11, US 12",Light Bone,Men,2026-05-24 23:19:22,2026-05-24 23:19:22
SP2485,Nike Flex Control 4Men's Workout Shoes,Nike,Sneakers,1820000.0,,"https://static.nike.com/a/images/t_web_pw_592_v2/f_auto/u_9ddf04c7-2a9a-4d76-add1-d15af8f0263d,c_scale,fl_relative,w_1.0,h_1.0,fl_layer_apply/637961f9-7682-4c9a-80fe-9c72c6f73cb2/NIKE+FLEX+CONTROL+TR4.png",107,AVAILABLE,"A historic Nike silhouette reimagined with a modern aesthetic, it showcases classic color-blocking that elevates any casual outfit.",4.4,120,"US 7, US 8, US 8.5, US 9, US 9.5, US 10, US 10.5, US 11, US 12",Black/White,Men,2026-05-24 23:19:22,2026-05-24 23:19:22
SP2486,Nike Benassi JDIMen's Slides,Nike,Sneakers,780000.0,,"https://static.nike.com/a/images/t_web_pw_592_v2/f_auto/u_9ddf04c7-2a9a-4d76-add1-d15af8f0263d,c_scale,fl_relative,w_1.0,h_1.0,fl_layer_apply/i1-6a51178a-e331-4f9b-bcb8-4e99f225768d/BENASSI+JDI.png",91,AVAILABLE,"A historic Nike silhouette reimagined with a modern aesthetic, it showcases classic color-blocking that elevates any casual outfit.",4.4,77,"US 7, US 8, US 8.5, US 9, US 9.5, US 10, US 10.5, US 11, US 12",Black/White,Men,2026-05-24 23:19:22,2026-05-24 23:19:22
SP2487,Air Jordan 1 Low SEBig Kids' Shoes,Jordan,Sneakers,2860000.0,,"https://static.nike.com/a/images/t_web_pw_592_v2/f_auto/u_126ab356-44d8-4a06-89b4-fcdcc8df0245,c_scale,fl_relative,w_1.0,h_1.0,fl_layer_apply/4d6ad5bf-31e8-492d-9b4d-3670fda60f27/AIR+JORDAN+1+LOW+SE+%28GS%29.png",109,AVAILABLE,"Engineered with a responsive midsole system and secure support, this Jordan sneaker is a great choice for enthusiasts.",4.6,132,"US 7, US 8, US 8.5, US 9, US 9.5, US 10, US 10.5, US 11, US 12",University Blue,Kids,2026-05-24 23:19:22,2026-05-24 23:19:22
SP2488,Nike Everyday CushionedTraining Crew Socks (6 Pairs),Nike,Accessories,676000.0,,"https://static.nike.com/a/images/t_web_pw_592_v2/f_auto/u_9ddf04c7-2a9a-4d76-add1-d15af8f0263d,c_scale,fl_relative,w_1.0,h_1.0,fl_layer_apply/rn4baqg7obokknxe2tab/U+NK+EVERYDAY+CUSH+CRW+6PR+132.png",37,AVAILABLE,"Engineered with a responsive midsole system and secure support, this Nike sneaker is a great choice for enthusiasts.",4.8,130,"US 7, US 8, US 8.5, US 9, US 9.5, US 10, US 10.5, US 11, US 12",Triple White,Men,2026-05-24 23:19:22,2026-05-24 23:19:22
SP2489,Nike Flex Experience Run 12Men's Road Running Shoes (Extra Wide),Nike,Sneakers,2080000.0,2620000.0,"https://static.nike.com/a/images/t_web_pw_592_v2/f_auto/u_9ddf04c7-2a9a-4d76-add1-d15af8f0263d,c_scale,fl_relative,w_1.0,h_1.0,fl_layer_apply/35db0f3d-f8be-488d-8abb-c07fcc7087af/FLEX+EXPERIENCE+RN+12+WIDE.png",82,AVAILABLE,"Featuring premium materials and signature Nike design details, this sneaker delivers excellent impact protection and unmatched comfort.",4.9,29,"US 7, US 8, US 8.5, US 9, US 9.5, US 10, US 10.5, US 11, US 12",Black/White,Men,2026-05-24 23:19:22,2026-05-24 23:19:22
SP2490,Nike Free Run 5.0Men's Road Running Shoes,Nike,Sneakers,2600000.0,,"https://static.nike.com/a/images/t_web_pw_592_v2/f_auto/u_9ddf04c7-2a9a-4d76-add1-d15af8f0263d,c_scale,fl_relative,w_1.0,h_1.0,fl_layer_apply/a17ff9a8-3b6d-4331-abee-e50aecf0438f/NIKE+FREE+RN+5.0+NEXT+NATURE.png",53,AVAILABLE,"A historic Nike silhouette reimagined with a modern aesthetic, it showcases classic color-blocking that elevates any casual outfit.",4.8,59,"US 7, US 8, US 8.5, US 9, US 9.5, US 10, US 10.5, US 11, US 12",Light Bone,Men,2026-05-24 23:19:22,2026-05-24 23:19:22
SP2491,"Nike ProWomen's 3"" Shorts",Nike,Clothing,780000.0,,https://static.nike.com/a/images/t_web_pw_592_v2/f_auto/a687ed4a-fa1f-4e71-b383-ae6b39015d54/W+NP+SHRT+3IN.png,34,AVAILABLE,"Featuring premium materials and signature Nike design details, this sneaker delivers excellent impact protection and unmatched comfort.",4.5,108,"US 7, US 8, US 8.5, US 9, US 9.5, US 10, US 10.5, US 11, US 12",Volt/Black,Women,2026-05-24 23:19:22,2026-05-24 23:19:22
SP2492,Air Jordan 1 Retro High OGBig Kids' Shoes,Jordan,Sneakers,3640000.0,,"https://static.nike.com/a/images/t_web_pw_592_v2/f_auto/u_126ab356-44d8-4a06-89b4-fcdcc8df0245,c_scale,fl_relative,w_1.0,h_1.0,fl_layer_apply/ac38dc36-8861-4549-8929-194b607c17e9/AIR+JORDAN+1+RTR+HI+OG+FC+%28GS%29.png",107,AVAILABLE,"Designed for lightweight cushioning and everyday lifestyle wear, it provides a retro look while ensuring modern durability and flexibility.",4.6,143,"US 7, US 8, US 8.5, US 9, US 9.5, US 10, US 10.5, US 11, US 12",University Blue,Kids,2026-05-24 23:19:22,2026-05-24 23:19:22
SP2493,Nike Free Run 2018Men's Road Running Shoes,Nike,Sneakers,2600000.0,3170000.0,https://static.nike.com/a/images/t_web_pw_592_v2/f_auto/yzlvhnfa09uqt4rmntov/NIKE+FREE+RN+2018.png,120,AVAILABLE,"Engineered with a responsive midsole system and secure support, this Nike sneaker is a great choice for enthusiasts.",4.7,54,"US 7, US 8, US 8.5, US 9, US 9.5, US 10, US 10.5, US 11, US 12",Triple Black,Men,2026-05-24 23:19:22,2026-05-24 23:19:22
SP2494,Nike Vomero 5 SEBaby/Toddler Shoes,Nike,Sneakers,1872000.0,,"https://static.nike.com/a/images/t_web_pw_592_v2/f_auto/u_9ddf04c7-2a9a-4d76-add1-d15af8f0263d,c_scale,fl_relative,w_1.0,h_1.0,fl_layer_apply/d4bb6f5a-a457-4f03-a6c5-b4aa703795d9/VOMERO+5+SE+%28TD%29.png",102,AVAILABLE,"Featuring premium materials and signature Nike design details, this sneaker delivers excellent impact protection and unmatched comfort.",4.7,121,"US 7, US 8, US 8.5, US 9, US 9.5, US 10, US 10.5, US 11, US 12",White/Black,Unisex,2026-05-24 23:19:22,2026-05-24 23:19:22
SP2495,Nike Court Legacy Lift VSWomen's Shoes,Nike,Sneakers,2470000.0,2940000.0,"https://static.nike.com/a/images/t_web_pw_592_v2/f_auto/u_9ddf04c7-2a9a-4d76-add1-d15af8f0263d,c_scale,fl_relative,w_1.0,h_1.0,fl_layer_apply/265b164a-d6f2-4385-a539-a820c18a2307/WMNS+COURT+LEGACY+LIFT+VS.png",108,AVAILABLE,"Designed for lightweight cushioning and everyday lifestyle wear, it provides a retro look while ensuring modern durability and flexibility.",4.7,31,"US 7, US 8, US 8.5, US 9, US 9.5, US 10, US 10.5, US 11, US 12",Light Bone,Women,2026-05-24 23:19:22,2026-05-24 23:19:22
SP2496,"Jordan 1 Retro High OG ""Khaki""Little Kids' Shoes",Jordan,Sneakers,2210000.0,,"https://static.nike.com/a/images/t_web_pw_592_v2/f_auto/u_126ab356-44d8-4a06-89b4-fcdcc8df0245,c_scale,fl_relative,w_1.0,h_1.0,fl_layer_apply/0678a0b2-f36c-47d3-bf85-97b2dd0cf405/JORDAN+1+RETRO+HIGH+OG+%28PS%29.png",35,AVAILABLE,"Featuring premium materials and signature Jordan design details, this sneaker delivers excellent impact protection and unmatched comfort.",4.4,76,"US 7, US 8, US 8.5, US 9, US 9.5, US 10, US 10.5, US 11, US 12",Olive/Gum,Kids,2026-05-24 23:19:22,2026-05-24 23:19:22
SP2497,"Jordan 1 Retro High OG ""Khaki""Baby/Toddler Shoes",Jordan,Sneakers,1820000.0,,"https://static.nike.com/a/images/t_web_pw_592_v2/f_auto/u_126ab356-44d8-4a06-89b4-fcdcc8df0245,c_scale,fl_relative,w_1.0,h_1.0,fl_layer_apply/1582d282-e89b-4c98-85bc-0cd2563a1502/JORDAN+1+RETRO+HIGH+OG+%28TD%29.png",111,AVAILABLE,"Engineered with a responsive midsole system and secure support, this Jordan sneaker is a great choice for enthusiasts.",4.3,17,"US 7, US 8, US 8.5, US 9, US 9.5, US 10, US 10.5, US 11, US 12",Triple White,Unisex,2026-05-24 23:19:22,2026-05-24 23:19:22
SP2498,"Air Jordan 3 ""World's Best""Big Kids' Shoes",Jordan,Sneakers,4030000.0,,"https://static.nike.com/a/images/t_web_pw_592_v2/f_auto/u_126ab356-44d8-4a06-89b4-fcdcc8df0245,c_scale,fl_relative,w_1.0,h_1.0,fl_layer_apply/2c665603-962e-4bd7-bc98-ab5a467e79d0/AIR+JORDAN+3+RETRO+%28GS%29.png",107,AVAILABLE,"Featuring premium materials and signature Jordan design details, this sneaker delivers excellent impact protection and unmatched comfort.",4.5,14,"US 7, US 8, US 8.5, US 9, US 9.5, US 10, US 10.5, US 11, US 12",White/Black,Kids,2026-05-24 23:19:22,2026-05-24 23:19:22
SP2499,"Jordan 3 ""World's Best""Little Kids' Shoes",Jordan,Sneakers,2470000.0,,"https://static.nike.com/a/images/t_web_pw_592_v2/f_auto/u_126ab356-44d8-4a06-89b4-fcdcc8df0245,c_scale,fl_relative,w_1.0,h_1.0,fl_layer_apply/52c78c59-1add-4a1f-8357-ed10a52ce9da/JORDAN+3+RETRO+%28PS%29.png",47,AVAILABLE,"Featuring premium materials and signature Jordan design details, this sneaker delivers excellent impact protection and unmatched comfort.",4.5,102,"US 7, US 8, US 8.5, US 9, US 9.5, US 10, US 10.5, US 11, US 12",Red/White,Kids,2026-05-24 23:19:22,2026-05-24 23:19:22
SP2500,"Jordan 3 ""World's Best""Baby/Toddler Shoes",Jordan,Sneakers,2080000.0,2330000.0,"https://static.nike.com/a/images/t_web_pw_592_v2/f_auto/u_126ab356-44d8-4a06-89b4-fcdcc8df0245,c_scale,fl_relative,w_1.0,h_1.0,fl_layer_apply/c824d2cb-436a-4052-a29e-0b9299a20b4c/JORDAN+3+RETRO+%28TD%29.png",54,AVAILABLE,"A historic Jordan silhouette reimagined with a modern aesthetic, it showcases classic color-blocking that elevates any casual outfit.",4.8,138,"US 7, US 8, US 8.5, US 9, US 9.5, US 10, US 10.5, US 11, US 12",Grey/White,Unisex,2026-05-24 23:19:22,2026-05-24 23:19:22
